Name,BSE Code,NSE Code,ISIN Code,Industry Group,Industry,Current Price,Price to Earning,Price to book value,Market Capitalization,Promoter holding,FII holding,Change in FII holding,DII holding,Change in DII holding,Return on equity,Return on capital employed,Debt to equity,PEG Ratio,Sales,Price to Free Cash Flow,EBIT,Operating cash flow 5years,Change in promoter holding,Change in promoter holding 3Years,Pledged percentage,EPS growth 3Years,EPS growth 5Years,EPS growth 7Years,EPS growth 10Years,Cash Equivalents,Debt
5paisa Capital,540776,5PAISA,INE618L01018,Capital Markets,Stockbroking & Allied,319.95,34.22,2.31,1512.38,36.50,15.07,2.71,0.01,0.00,7.05,9.93,0.58,72.81,319.56,63.78,91.82,-11.85,3.72,3.17,0.00,-0.16,19.72,21.46,,1417.71,378.56
63 Moons Tech.,526881,63MOONS,INE111B01023,IT - Software,Computers - Software & Consulting,643.35,,0.83,2962.07,45.63,1.31,0.23,0.00,0.00,-1.60,-3.71,0.00,,211.59,-19.85,-131.39,-419.68,0.00,0.00,0.00,-9.10,,-14.03,5.30,1676.78,2.85
Addi Industries,507852,,INE757C01021,Textiles & Apparels,Garments & Apparels,97.30,36.99,1.30,105.05,74.27,0.00,0.00,0.11,0.00,4.15,5.51,0.00,0.44,0.00,47.77,3.72,-9.45,0.00,0.00,0.00,85.02,44.92,47.89,12.74,37.77,0.00
All E Tech,,ALLETEC,INE0M2X01012,IT - Software,Computers - Software & Consulting,162.90,10.87,2.12,328.97,50.10,0.66,-0.21,0.53,-0.48,22.39,29.60,0.00,0.23,138.05,21.84,40.65,72.53,0.04,0.15,0.00,33.94,-6.19,,,138.95,0.55
Alphageo (India),526397,ALPHAGEO,INE137C01018,Oil,Offshore Support Solution Drilling,223.00,,0.55,141.93,45.99,0.94,-0.02,0.03,0.00,-3.78,-4.32,0.00,,133.44,-11.57,-18.00,113.74,0.00,-0.10,9.58,,1.47,,,108.10,0.00
Anand Rathi Shar,544530,ARSSBL,INE549H01021,Capital Markets,Stockbroking & Allied,537.45,25.70,2.49,3388.31,69.93,0.82,-1.09,4.98,-1.12,14.18,19.82,0.62,0.51,931.49,6.74,358.17,1583.93,0.01,,5.47,2.77,8.86,,,3543.35,840.30
Andhra Petrochem,500012,,INE714B01016,Chemicals & Petrochemicals,Commodity Chemicals,39.25,,0.65,333.51,45.04,0.90,0.00,0.02,0.00,-2.75,-1.57,0.15,,519.94,21.55,-26.87,364.50,0.00,0.00,0.00,,,,5.25,242.00,78.86
Arihant Capital,511605,ARIHANTCAP,INE420B01036,Capital Markets,Stockbroking & Allied,68.71,23.66,1.71,751.03,67.67,0.05,0.01,0.02,0.01,7.69,11.00,0.54,7.35,205.84,-15.54,63.82,-124.84,0.00,-6.45,0.00,1.47,-2.74,8.82,13.42,509.24,239.14
Brightcom Group,532368,BCG,INE425B01027,IT - Services,IT Enabled Services,10.89,2.51,0.23,2197.52,18.38,1.31,-0.36,0.00,0.00,8.62,12.32,0.00,-0.31,6318.90,-149.25,1266.89,1758.16,0.00,-0.08,1.08,-8.01,-4.52,-2.17,0.20,1228.15,0.00
CapitalNumbers,544343,,INE0WXM01011,IT - Software,Computers - Software & Consulting,77.75,7.06,1.11,189.92,74.98,0.16,-0.57,3.49,-1.11,20.00,26.47,0.00,0.55,102.21,10.74,35.65,86.59,0.31,,0.00,-81.45,-53.86,,,89.68,0.00
Chemtech Indust.,537326,,INE212P01011,Industrial Manufacturing,Industrial Products,81.33,24.15,1.46,149.95,39.03,0.00,0.00,1.66,-0.25,10.74,14.19,0.00,0.17,32.47,598.59,9.40,7.30,0.00,-34.75,0.00,115.64,35.90,48.67,12.39,66.99,0.00
Coral Labs.,524506,,INE683E01017,Pharmaceuticals & Biotechnology,Pharmaceuticals,499.40,12.48,0.84,178.28,71.51,0.00,0.00,0.00,0.00,13.06,17.44,0.00,0.29,87.54,4903.20,19.33,13.00,0.00,0.00,0.00,43.78,28.24,10.30,9.96,73.46,0.88
DB Intl.Stock,530393,DBSTOCKBRO,INE921B01025,Capital Markets,Stockbroking & Allied,31.51,35.74,1.46,111.14,41.17,0.00,0.00,0.00,0.00,4.21,7.28,0.03,-1.68,27.65,-98.47,5.56,24.99,0.00,6.83,0.00,-21.30,58.59,19.68,16.08,96.52,2.01
DCX Systems,543650,DCXINDIA,INE0KL801015,Aerospace & Defense,Aerospace & Defense,210.92,176.59,1.62,2346.92,52.16,0.83,-0.23,2.91,-0.73,3.11,5.10,0.00,-11.03,1086.03,-15.95,38.58,-109.88,0.00,-19.57,0.00,-25.60,,,,872.87,3.51
Den Networks,533137,DEN,INE947J01015,Entertainment,TV Broadcasting & Software Production,27.53,7.90,0.35,1310.40,74.90,0.46,-0.05,0.14,0.00,4.48,5.58,0.01,-1.67,974.28,-80.85,209.99,353.59,0.00,0.00,0.00,-4.73,20.74,20.58,8.00,3138.67,20.04
DigiSpice Tech.,517214,DIGISPICE,INE927C01020,IT - Services,IT Enabled Services,19.33,18.20,1.93,443.34,72.70,0.00,0.00,0.00,0.00,10.89,12.08,0.36,0.34,464.65,15.44,37.19,272.86,0.00,-0.48,0.00,53.73,22.05,21.60,10.17,340.24,83.65
EKI Energy,543284,,INE0CPR01018,Commercial Services & Supplies,Consulting Services,87.61,,0.64,242.57,65.89,0.06,-0.01,0.00,0.00,-3.90,-3.84,0.01,,86.52,9.70,-15.16,285.15,-0.10,-7.53,0.00,,,,,114.17,5.41
Elnet Technolog,517477,,INE033C01019,IT - Services,IT Enabled Services,340.00,6.77,0.77,136.00,52.85,0.00,0.00,0.00,0.00,12.11,15.41,0.02,0.49,24.94,-14.16,26.23,-34.43,0.00,0.00,0.00,13.86,10.87,13.21,11.96,90.18,4.26
Emk.Global Fin.,532737,EMKAY,INE296H01011,Capital Markets,Stockbroking & Allied,224.24,39.73,1.54,603.85,72.21,0.84,0.04,0.01,-0.04,4.45,7.92,0.29,15.52,376.95,-24.28,34.16,-53.45,0.30,-2.28,0.00,0.50,5.10,9.34,1.67,915.67,110.45
GeeCee Vent.,532764,GEECEE,INE916G01016,Realty,"Residential, Commercial Projects",331.35,16.49,0.83,693.97,67.71,0.00,0.00,0.13,0.00,5.21,6.31,0.00,0.31,74.81,23.39,51.05,176.92,0.00,0.00,0.00,53.56,32.59,4.21,3.23,233.20,0.00
General Insuranc,540755,GICRE,INE481Y01014,Insurance,General Insurance,391.40,7.12,0.97,68568.35,82.40,2.05,-0.07,13.55,0.23,10.99,13.32,0.00,0.18,53175.88,15.46,11623.28,35820.90,0.00,-3.38,0.00,39.03,105.29,22.85,-13.98,26897.05,1.37
Geojit Fin. Ser.,532285,GEOJITFSL,INE007B01023,Capital Markets,Stockbroking & Allied,75.42,24.35,1.75,2106.58,38.47,1.87,-0.71,9.87,-0.26,7.33,9.04,0.10,-6.34,671.08,34.51,127.30,399.86,0.00,-16.14,9.31,-3.87,-6.81,18.19,8.47,936.10,122.69
GVP Infotech,,GVPTECH,INE382T01030,IT - Software,Computers - Software & Consulting,6.44,,1.39,111.14,74.80,0.00,0.00,0.00,0.00,-1.58,-1.44,0.00,,7.58,6.97,-91.52,60.91,0.00,-16.18,0.00,,,,,59.10,0.00
IL&FS Inv.Manag.,511208,IVC,INE050B01023,Capital Markets,Asset Management Company,7.46,29.76,1.14,236.85,50.42,0.00,-0.04,0.00,0.00,6.44,6.51,0.00,1.57,44.92,-43.49,14.58,1.69,0.00,0.00,0.00,18.96,24.12,-2.11,-15.77,136.04,0.00
Indbank Merchant,511473,INDBANK,INE841B01017,Capital Markets,Stockbroking & Allied,33.88,21.43,1.52,150.22,64.84,0.00,0.00,0.09,0.00,7.36,10.34,0.00,0.67,25.11,1100.69,9.84,-3.78,0.00,0.00,0.00,32.11,11.60,22.33,9.81,86.72,0.00
Inventure Grow.,533506,INVENTURE,INE878H01024,Capital Markets,Stockbroking & Allied,1.00,30.09,0.38,105.00,26.40,0.00,0.00,0.00,0.00,1.27,2.22,0.13,-1.08,47.21,-6.17,6.89,-12.96,0.00,0.00,0.00,-27.77,-22.64,16.75,11.30,124.21,36.63
Jasch Gauging,544112,,INE0QXV01014,Industrial Manufacturing,Industrial Products,518.00,14.82,2.53,234.75,57.63,0.00,0.00,0.00,0.00,17.73,24.34,0.00,,57.71,-15.74,21.76,,0.00,,0.00,,,,,85.43,0.02
Keto Motors,537392,,INE392H01018,Retailing,Diversified Retail,133.96,,0.00,943.54,92.49,0.00,0.00,0.86,0.86,-0.71,-0.10,0.00,,0.04,,-0.24,-0.22,29.24,71.48,0.00,20.51,12.26,,,14666.39,5000.00
LKP Securities,540192,,INE341H01023,Capital Markets,Stockbroking & Allied,18.30,14.64,1.48,150.64,71.04,3.94,-0.22,0.00,0.00,10.60,13.61,0.74,0.36,107.15,-11.16,22.01,-84.56,0.00,0.34,0.00,38.11,17.65,23.41,,138.40,74.93
Manali Petrochem,500268,MANALIPETC,INE201A01024,Chemicals & Petrochemicals,Petrochemicals,60.47,14.66,0.81,1040.41,44.86,0.37,0.08,0.01,0.00,5.97,7.24,0.11,1.23,1022.39,-148.16,95.70,636.88,0.00,0.00,0.00,11.88,-20.02,1.05,3.81,605.31,137.00
Master Trust,511768,MASTERTR,INE677D01037,Capital Markets,Stockbroking & Allied,89.11,8.69,1.34,1096.20,71.93,0.02,0.00,0.00,-0.05,17.33,23.85,0.28,0.36,575.85,4.56,231.85,893.45,0.00,-2.91,16.95,19.17,26.54,31.24,41.12,1824.50,227.87
Metroglobal,500159,METROGLOBL,INE085D01033,Commercial Services & Supplies,Trading & Distributors,127.75,9.76,0.39,156.73,74.73,0.00,0.00,0.07,0.00,3.99,7.18,0.01,0.55,235.67,6.81,29.26,48.93,0.00,0.00,0.00,17.88,23.98,5.69,3.62,75.01,3.33
MSTC,542597,MSTCLTD,INE255X01014,Commercial Services & Supplies,Trading & Distributors,430.05,13.32,3.64,3023.65,64.75,3.93,0.13,1.20,-0.02,28.37,29.26,0.17,-32.49,339.72,13.83,261.48,1673.30,0.00,0.00,0.00,-0.41,15.18,3.51,-13.38,1210.99,145.00
New India Assura,540769,NIACL,INE470Y01017,Insurance,General Insurance,166.20,19.34,0.79,27313.44,85.44,1.01,0.01,11.17,0.02,4.44,3.87,0.00,0.20,49781.75,-6.41,1232.83,-22500.45,0.00,0.00,0.00,98.51,-2.97,30.35,12.15,19289.89,0.00
Noida Tollbridg.,532481,NOIDATOLL,INE781B01015,Transport Infrastructure,"Road AssetsToll, Annuity, Hybrid-Annuity",6.82,4.69,,127.52,26.37,0.00,0.00,0.60,0.00,,162.47,,0.12,42.87,8.14,27.27,74.98,0.00,0.00,0.00,40.48,21.83,15.60,-11.83,85.42,42.91
Nuvama Wealth,543988,NUVAMA,INE531F01023,Capital Markets,Stockbroking & Allied,1504.80,26.35,6.65,27427.35,54.13,16.94,0.55,8.30,-0.07,27.36,17.49,2.80,0.52,4630.69,-15.87,2361.64,-8333.25,-0.07,,62.80,,,,,21971.12,11543.52
One Mobikwik,544305,MOBIKWIK,INE0HLU01028,Financial Technology (Fintech),Financial Technology (Fintech),191.16,,2.79,1505.94,25.08,4.24,1.05,4.07,-0.70,-8.26,-2.24,0.51,,1119.23,-23.26,-18.98,-461.95,-0.03,,0.00,16.88,14.81,,,893.14,275.95
Oswal Green Tech,539290,OSWALGREEN,INE143A01010,Finance,Investment Company,25.23,32.05,0.26,645.13,70.65,0.02,0.01,0.02,0.00,0.34,0.43,0.00,-0.75,70.29,-3.85,24.89,-604.51,0.64,6.31,0.00,-42.97,-37.20,-20.69,-10.26,419.94,5.11
P.E. Analytics,,PROPEQUITY,INE0KN801013,Realty,Real Estate related services,250.00,16.70,2.49,262.05,75.00,2.11,-3.63,0.34,0.04,16.11,21.29,0.00,1.12,46.83,33.52,20.98,52.83,3.22,4.80,0.00,14.88,,,,96.17,0.00
Par Drugs & Che.,,PAR,INE04LG01015,Pharmaceuticals & Biotechnology,Pharmaceuticals,92.27,8.66,1.01,113.54,73.41,0.00,0.00,0.00,0.00,12.43,16.53,0.00,1.62,103.66,7.73,17.43,73.57,0.00,-0.80,0.00,5.33,5.39,21.10,29.92,41.84,0.00
Paul Merchants,539113,PML,INE291E01019,Finance,Other Financial Services,564.70,263.06,0.19,170.99,74.65,0.00,-0.16,0.00,0.00,-14.37,-9.84,0.01,,2173.96,3.85,9.91,52.17,0.00,1.94,0.00,,,,,103.75,12.02
Positron Energy,,POSITRON,INE0S3H01017,Commercial Services & Supplies,Diversified Commercial Services,197.40,7.49,1.52,150.03,72.20,0.92,-2.51,2.40,1.30,22.61,29.76,0.05,0.07,442.15,14.44,28.26,40.37,0.16,,0.00,-24.78,,,,81.00,5.35
Prakash Pipes,542684,PPL,INE050001010,Industrial Products,Plastic Products - Industrial,201.21,11.98,1.05,479.85,44.50,0.43,-0.03,0.01,0.00,20.50,26.83,0.03,0.57,748.51,8.53,57.54,316.60,0.09,0.23,0.00,21.10,23.38,,,241.01,12.68
PTC India,532524,PTC,INE877F01012,Power,Power Trading,191.93,9.35,0.95,5686.27,16.22,27.46,-0.35,7.52,0.81,10.33,13.37,0.30,0.82,16770.79,2.31,1240.35,14023.40,0.00,0.00,0.00,11.44,5.66,5.25,6.83,3920.73,1768.82
Rajesh Exports,531500,RAJESHEXPO,INE343B01030,Consumer Durables,"Gems, Jewellery And Watches",112.81,19.67,0.20,3302.85,54.55,14.26,-1.00,10.80,-0.16,0.61,1.47,0.05,-0.36,741041.52,1.16,354.79,-1921.69,0.00,0.50,0.00,-54.54,-39.86,-30.94,-17.57,2592.14,879.02
Route Mobile,543228,ROUTE,INE450U01017,Telecom - Services,Other Telecom Services,516.55,10.04,1.18,3253.79,74.85,2.49,-0.24,4.01,-1.97,12.46,17.24,0.02,-32.39,4408.21,9.72,499.73,1293.82,0.00,16.53,0.00,-0.61,17.36,24.04,5.06,1388.67,41.98
Share India Sec.,540725,SHAREINDIA,INE932X01026,Capital Markets,Stockbroking & Allied,139.98,9.46,1.16,3060.31,48.61,1.54,0.10,0.47,0.05,13.02,18.41,0.26,-22.00,1470.26,-18.03,571.72,-341.71,0.00,-4.40,42.87,-9.79,24.41,33.32,18.70,3129.80,694.88
SMC Global Sec.,543263,SMCGLOBAL,INE103C01036,Capital Markets,Stockbroking & Allied,62.14,12.76,1.00,1301.42,66.72,2.40,-0.54,0.01,-0.03,8.09,11.38,1.56,-2.48,1876.92,-11.40,355.85,-293.25,-0.05,-0.68,8.38,-5.15,1.04,5.72,12.39,2741.26,2035.58
Sr.Rayala.Hypo,532842,SRHHYPOLTD,INE917H01012,Chemicals & Petrochemicals,Commodity Chemicals,536.85,8.88,0.91,914.39,61.84,0.07,0.01,0.05,0.00,11.03,14.86,0.01,-3.50,664.30,8.05,140.41,481.70,0.00,-0.25,0.00,-2.54,20.21,20.55,18.92,413.18,12.68
Steel City Sec.,,STEELCITY,INE395H01011,Capital Markets,Stockbroking & Allied,78.05,8.25,0.85,117.91,74.70,0.17,0.00,0.00,0.00,10.68,14.41,0.07,0.98,62.27,-16.93,20.28,28.91,0.00,7.32,0.00,8.43,6.22,6.83,10.88,61.92,9.88
Swadeshi Polytex,503816,,INE243N01029,Textiles & Apparels,Other Textile Products,34.41,32.11,1.16,134.20,72.05,0.00,0.00,0.09,0.00,3.70,4.47,0.00,-0.63,0.01,12.79,5.06,88.38,0.00,8.84,0.00,-50.69,35.48,-8.84,10.07,51.86,0.00
Swastika Investm,530585,,INE691C01022,Capital Markets,Stockbroking & Allied,63.73,9.83,0.94,128.09,59.88,0.01,0.01,0.00,0.00,10.51,20.45,0.11,0.35,109.66,-6.54,27.37,-74.30,0.00,-3.54,0.00,15.98,-3.15,11.07,38.83,370.01,14.42
The Invest.Trust,530023,THEINVEST,INE924D01017,Finance,Other Financial Services,99.32,17.63,0.71,518.50,72.12,6.55,0.00,0.00,0.00,4.08,8.54,0.08,0.48,284.54,-5.54,82.13,-62.36,0.00,0.00,0.00,36.76,14.05,-2.90,17.84,229.62,55.93
Trigyn Techno.,517562,TRIGYN,INE948A01012,IT - Software,Computers - Software & Consulting,59.23,87.31,0.23,184.23,44.51,0.18,0.08,0.01,0.00,0.27,2.29,0.01,-1.44,976.43,3.30,17.91,161.19,0.00,0.00,0.00,-60.67,-49.17,-36.65,-25.55,474.01,10.26
TTK Healthcare,507747,TTKHLTCARE,INE910C01018,Diversified,Diversified,882.45,17.83,1.15,1241.35,74.56,1.90,0.01,1.11,0.03,6.89,9.26,0.02,0.82,829.66,-83.02,91.42,107.69,0.00,0.00,0.00,21.70,41.96,21.52,9.22,600.89,26.83
Voith Paper,522122,,INE285C01015,Textiles & Apparels,Other Textile Products,1529.70,14.88,1.59,671.54,74.04,0.00,0.00,0.02,-0.02,11.17,14.92,0.00,1.20,208.95,73.61,60.36,152.15,0.00,0.00,0.00,12.42,10.82,10.04,11.35,243.72,0.21
