Name,BSE Code,NSE Code,ISIN Code,Industry Group,Industry,Current Price,Price to Earning,Price to book value,Market Capitalization,Promoter holding,FII holding,Change in FII holding,DII holding,Change in DII holding,Return on equity,Return on capital employed,Debt to equity,PEG Ratio,Sales,Price to Free Cash Flow,EBIT,Operating cash flow 5years,Change in promoter holding,Change in promoter holding 3Years,Pledged percentage,EPS growth 3Years,EPS growth 5Years,EPS growth 7Years,EPS growth 10Years,Sales growth 10Years,Sales growth 7Years,Sales growth 5Years
Adani Total Gas,542066,ATGL,INE399L01023,Gas,LPG/CNG/PNG/LNG Supplier,659.15,113.80,15.03,72477.33,74.80,12.75,-0.06,6.26,0.01,14.14,15.16,0.47,17.92,5863.51,351.24,992.10,4679.20,0.00,0.00,0.00,6.35,5.72,15.00,5.95,17.91,19.16,28.16
ADF Foods,519183,ADFFOODS,INE982B01027,Food Products,Packaged Foods,277.45,32.28,5.33,3057.89,36.13,11.55,0.24,23.21,0.10,17.80,22.82,0.02,1.56,683.23,348.61,129.62,249.46,0.00,-0.37,0.00,20.76,11.75,18.90,30.52,12.54,16.72,13.06
Aditya Vision,540205,AVL,INE679V01027,Retailing,Speciality Retail,536.00,58.66,10.05,6924.38,47.14,16.18,-1.55,19.57,2.12,18.56,16.97,0.83,2.60,2671.62,-266.59,197.31,77.14,0.00,-20.45,0.00,19.73,40.00,55.91,55.04,27.22,24.89,29.00
Ahluwalia Contr.,532811,AHLUCONT,INE758C01029,Construction,Civil Construction,807.30,20.22,2.81,5402.54,55.32,13.74,0.21,22.32,-1.05,11.87,18.47,0.04,2.24,4458.74,31.57,412.13,1243.02,0.00,0.00,0.00,9.02,25.67,8.31,12.16,14.48,13.91,16.81
Ajanta Pharma,532331,AJANTPHARM,INE031B01049,Pharmaceuticals & Biotechnology,Pharmaceuticals,3081.50,36.48,8.50,38518.13,66.24,8.26,0.29,18.36,-0.22,25.39,32.32,0.06,1.73,5452.86,69.73,1393.76,3825.31,-0.01,0.14,17.94,22.16,10.99,16.18,10.35,12.04,14.96,13.54
Anand Rathi Wea.,543415,ANANDRATHI,INE463V01026,Capital Markets,Financial Products Distributor,3617.30,76.73,29.30,30035.68,43.12,5.78,-0.88,9.10,-0.35,45.30,57.47,0.08,2.36,1207.77,110.00,543.09,1128.32,0.00,-5.62,11.42,32.73,42.46,21.43,27.98,110.12,23.55,35.95
Apar Inds.,532259,APARINDS,INE372A01015,Electrical Equipment,Other Electrical Equipment,12480.00,50.59,10.33,50170.09,57.77,9.38,0.03,24.15,0.95,19.50,32.70,0.14,1.05,21509.07,241.80,1746.12,2230.74,0.00,-2.87,0.00,45.84,41.99,27.55,31.87,13.79,18.04,20.14
APL Apollo Tubes,533758,APLAPOLLO,INE702C01027,Industrial Products,Iron & Steel Products,1898.60,43.82,9.95,52720.43,28.25,37.52,4.40,16.05,-3.86,25.31,31.64,0.09,1.88,23079.00,64.22,1682.75,5771.00,-0.02,-2.90,0.00,23.20,24.61,31.98,24.18,18.71,18.22,22.11
Astrazeneca Phar,506820,ASTRAZEN,INE203A01020,Pharmaceuticals & Biotechnology,Pharmaceuticals,8800.00,105.55,27.53,21957.17,75.00,2.78,0.07,5.79,0.24,23.63,33.40,0.04,2.44,2177.45,488.56,285.51,357.10,0.00,0.00,0.00,43.27,19.45,31.40,26.39,12.75,17.03,15.59
Avenue Super.,540376,DMART,INE192R01011,Retailing,Diversified Retail,4097.20,89.94,10.92,267159.12,74.51,9.00,0.29,8.77,-0.06,12.95,17.19,0.10,11.58,68820.74,-508.55,4223.67,12678.17,-0.14,-0.42,0.00,7.56,21.85,17.96,23.14,23.14,19.30,23.31
Bajaj Auto,532977,BAJAJ-AUTO,INE917I01010,Automobiles,2/3 Wheelers,10491.00,27.22,7.55,293296.24,55.01,8.82,-0.02,14.35,0.28,29.11,28.21,0.58,1.29,62905.00,161.14,15159.34,17223.82,0.02,0.03,0.01,21.57,18.11,13.31,10.62,10.79,10.97,17.79
Banco Products,500039,BANCOINDIA,INE213C01025,Auto Components,Auto Components & Equipments,624.75,18.79,5.47,8979.35,67.88,4.06,0.06,0.22,0.00,32.18,32.36,0.45,0.53,3672.29,85.28,660.30,794.99,0.00,0.00,0.00,35.59,38.94,18.31,20.30,11.03,13.36,17.70
Bharat Electron,500049,BEL,INE263A01024,Aerospace & Defense,Aerospace & Defense,421.85,50.87,12.85,308363.02,51.14,19.51,1.00,20.00,-0.47,27.58,36.53,0.00,1.90,27610.11,222.71,8059.69,12193.96,0.00,0.00,0.00,26.72,23.64,18.15,17.25,14.14,12.42,14.37
BLS Internat.,540073,BLS,INE153T01027,Leisure Services,"Tour, Travel Related Services",269.05,16.12,4.50,11067.55,70.39,6.14,-0.23,2.99,0.07,32.74,29.34,0.17,0.32,2998.22,20.50,820.38,2453.37,0.00,-4.02,0.00,50.09,68.66,37.13,36.30,19.50,20.69,44.35
BSE,,BSE,INE118H01025,Capital Markets,Exchange and Data Platform,4291.20,70.33,26.19,174780.18,0.00,19.42,1.97,25.09,1.35,44.79,58.03,0.00,0.57,4833.95,97.76,3299.14,7465.95,0.00,0.00,0.00,123.98,68.26,45.10,43.42,22.51,33.12,50.29
Cantabil Retail,533267,CANTABIL,INE068L01024,Textiles & Apparels,Garments & Apparels,218.25,19.03,3.82,1821.98,74.46,2.16,-0.37,1.03,-0.05,21.98,19.07,1.14,1.52,852.55,17.51,174.14,647.93,0.25,-0.51,0.00,11.58,57.50,33.29,33.93,18.87,16.74,27.62
Caplin Point Lab,524742,CAPLIPOINT,INE475E01026,Pharmaceuticals & Biotechnology,Pharmaceuticals,2077.90,24.62,4.40,15788.63,70.57,6.15,-0.43,2.14,0.09,20.62,24.63,0.00,1.26,2187.19,68.81,803.66,1882.09,0.00,-0.09,0.00,19.52,21.81,20.28,30.17,24.80,18.96,15.56
Carysil,524091,CARYSIL,INE482D01024,Consumer Durables,Household Appliances,1116.55,31.94,5.22,3163.16,41.33,1.59,0.04,11.74,0.39,17.45,17.77,0.45,1.35,923.95,-406.54,150.73,349.46,0.00,-2.58,0.00,21.21,18.90,26.70,23.51,18.18,20.42,24.43
Ceinsys Tech,538734,CEINSYS,INE016Q01014,IT - Software,Computers - Software & Consulting,902.90,14.06,2.81,1889.10,50.88,10.25,5.92,0.19,-0.04,24.76,27.46,0.08,0.22,660.70,594.04,163.53,131.59,0.18,-7.74,12.44,47.54,105.00,54.46,30.27,17.40,20.76,28.96
Cemindia Project,509496,CEMPRO,INE686A01026,Construction,Civil Construction,879.95,25.39,6.30,15177.13,67.46,7.31,-0.88,1.94,0.44,28.24,33.83,0.38,0.37,10060.58,67.43,1032.63,2216.58,0.00,20.82,0.00,69.09,112.90,32.43,25.92,13.28,17.94,29.83
Choice Intl.,531358,CHOICEIN,INE102B01014,Finance,Holding Company,689.30,70.52,9.19,15350.31,53.65,11.41,-0.75,0.35,0.05,16.13,17.96,0.54,1.32,1119.13,-46.99,405.48,-610.35,-0.01,-1.67,11.90,47.92,52.84,49.37,27.25,19.57,37.41,44.84
Cigniti Tech.,534758,CIGNITITEC,INE675C01017,IT - Services,IT Enabled Services,1260.30,11.36,3.07,3471.74,54.00,10.43,-1.17,11.58,2.28,25.96,34.09,0.02,0.33,2211.20,25.05,412.70,629.56,0.00,19.39,0.00,35.18,13.00,31.05,22.72,18.19,16.46,18.23
Coforge,532541,COFORGE,INE591G01025,IT - Software,Computers - Software & Consulting,1398.00,36.62,4.92,60137.84,0.00,23.32,-11.21,44.42,-9.25,20.64,23.50,0.08,1.18,16402.70,71.56,2327.40,5648.30,0.00,-30.16,0.00,26.91,25.84,20.53,18.70,19.83,23.82,28.60
Cupid,530843,CUPID,INE509F01029,Personal Products,Personal Care,124.69,154.82,37.19,16761.00,46.03,1.01,-0.47,0.17,-0.13,27.30,33.46,0.13,3.03,391.40,-1910.41,145.31,85.77,0.48,0.97,24.79,50.77,30.74,32.32,21.03,20.40,24.28,22.27
Data Pattern,543428,DATAPATTNS,INE0IX101010,Aerospace & Defense,Aerospace & Defense,4096.00,83.78,13.21,22923.82,42.41,12.47,0.93,11.68,1.41,16.87,23.28,0.00,2.76,924.77,-505.83,379.00,162.66,0.00,0.00,0.00,30.40,-31.62,1.09,26.37,36.18,32.20,32.79
Dixon Technolog.,540699,DIXON,INE935N01020,Consumer Durables,Consumer Electronics,11824.00,49.97,15.37,71892.16,28.68,18.30,-0.38,28.14,-0.92,37.43,41.97,0.21,0.64,48872.80,216.90,2208.03,4514.84,-0.15,-5.38,0.00,76.27,54.04,54.73,26.49,42.77,49.09,49.94
Dr Agarwal's Eye,526783,DRAGARWQ,INE934C01018,Healthcare Services,Hospital,4948.10,34.27,6.91,2402.50,72.67,2.20,0.38,2.12,-0.24,25.22,17.36,0.94,1.44,470.87,121.22,105.49,455.69,0.00,0.78,29.26,22.71,118.39,28.32,34.84,13.18,15.66,27.49
Dr Lal Pathlabs,539524,LALPATHLAB,INE600L01024,Healthcare Services,Healthcare Service Provider,1614.90,51.42,10.79,27122.57,53.21,17.18,-3.11,21.37,2.17,22.54,28.29,0.08,1.70,2762.90,55.72,722.00,2642.64,0.00,-1.82,0.00,30.10,12.46,14.85,14.70,13.32,12.61,11.81
Dynacons Sys.,532365,DSSL,INE417B01040,IT - Services,IT Enabled Services,1895.10,28.76,8.86,2410.33,60.89,0.37,0.03,0.30,0.04,37.28,39.17,0.64,0.45,1351.16,90.40,135.34,102.21,-0.06,-0.21,0.00,57.20,53.52,54.27,47.53,28.29,29.21,31.03
Dynamic Cables,540795,DYCL,INE600Y01019,Industrial Products,Cables - Electricals,323.00,18.60,3.42,1570.71,68.18,0.90,0.37,1.27,0.24,20.32,26.69,0.09,0.47,1197.82,286.39,124.54,210.59,0.00,-6.25,0.00,35.38,50.87,20.18,17.80,16.16,12.46,28.44
eClerx Services,532927,ECLERX,INE738I01010,Commercial Services & Supplies,Business Process Outsourcing (BPO)/ Knowledge Process Outsourcing (KPO),1588.10,21.13,5.83,14921.53,54.52,11.82,0.43,23.95,-1.36,29.02,34.81,0.15,1.54,4117.03,25.52,977.26,2990.51,0.71,0.91,0.00,15.29,24.16,21.18,10.41,12.10,16.30,21.35
Eicher Motors,505200,EICHERMOT,INE066A01021,Automobiles,2/3 Wheelers,7414.00,36.58,8.10,203312.48,49.06,26.77,-0.24,14.73,0.09,23.96,30.52,0.02,1.52,23407.56,64.91,7229.04,16858.17,0.00,-0.14,0.00,23.89,32.66,14.04,15.19,14.26,13.25,21.83
Elgi Equipments,522074,ELGIEQUIP,INE285A01027,Industrial Products,"Compressors, Pumps & Diesel Engines",567.90,43.33,8.96,17974.80,31.19,22.20,-0.91,9.08,1.00,20.06,21.91,0.26,1.59,3831.00,83.05,596.10,1150.31,0.00,0.00,0.88,27.26,52.48,20.07,27.03,10.50,11.84,13.92
Fiem Industries,532768,FIEMIND,INE737H01014,Auto Components,Auto Components & Equipments,2273.60,24.91,5.54,5992.26,54.52,6.86,-0.07,11.40,0.53,20.99,27.80,0.06,0.86,2703.78,69.38,321.86,727.02,0.00,-12.04,0.00,28.94,21.87,21.92,15.73,11.39,10.04,11.92
Fineotex Chem,533333,FCL,INE045J01034,Chemicals & Petrochemicals,Specialty Chemicals,39.03,41.79,5.15,4545.05,62.30,2.92,0.39,1.27,-0.01,13.48,18.30,0.01,5.82,772.23,9739.38,154.40,263.21,-0.27,-2.73,0.00,5.40,19.41,24.51,19.99,21.53,22.90,28.72
Fredun Pharma,539730,,INE194R01017,Pharmaceuticals & Biotechnology,Pharmaceuticals,2384.10,39.57,4.68,1314.28,44.57,1.06,0.60,2.81,-0.67,15.81,21.49,0.80,0.87,639.13,1206.68,86.89,73.68,1.51,-5.58,0.00,36.52,64.50,27.34,29.10,31.21,30.91,36.70
Frontier Springs,522195,FRONTSP,INE572D01014,Auto Components,Auto Components & Equipments,1627.10,34.08,12.36,1921.84,51.76,0.00,0.00,0.51,0.30,32.04,41.56,0.04,0.52,309.59,461.53,76.23,64.45,0.00,0.00,0.00,65.70,19.49,37.97,57.66,20.89,21.64,18.29
Garden Reach Sh.,542011,GRSE,INE382Z01011,Aerospace & Defense,Aerospace & Defense,2675.70,40.98,11.67,30649.54,74.50,3.51,0.55,1.69,0.05,31.79,42.96,0.01,0.81,7002.16,-78.42,1020.82,113.51,0.00,0.00,0.00,50.49,36.23,31.44,-6.85,15.50,26.03,43.75
Godfrey Phillips,500163,GODFRYPHLP,INE260B01028,Cigarettes & Tobacco Products,Cigarettes & Tobacco Products,2320.60,23.73,5.83,36201.82,72.58,7.91,-0.24,3.28,-0.93,26.62,32.84,0.04,0.63,6391.11,306.58,1951.60,2130.17,0.00,0.00,0.21,37.38,37.92,32.31,26.05,10.61,14.37,20.41
Gokul Agro,539725,GOKULAGRO,INE314T01033,Agricultural Food & other Products,Edible Oil,218.76,17.44,4.54,6443.38,74.25,1.51,-0.07,0.09,0.08,30.05,36.73,0.41,0.43,24076.98,39.78,659.61,1227.49,0.00,2.29,13.69,40.78,50.86,63.85,43.49,20.83,26.89,23.53
Gravita India,533282,GRAVITA,INE024L01027,Minerals & Mining,Industrial Minerals,1658.00,32.29,4.99,12232.96,55.88,13.94,-1.81,5.15,0.44,16.76,17.02,0.30,1.42,4265.27,496.79,473.03,703.14,0.00,-17.12,0.00,20.01,44.10,56.29,52.35,25.78,19.28,24.78
Gulf Oil Lubric.,538567,GULFOILLUB,INE635Q01029,Petroleum Products,Lubricants,924.60,12.45,2.76,4583.10,67.01,8.91,-0.31,8.17,0.04,25.46,28.30,0.29,0.67,3866.14,14.20,537.49,1214.49,-0.10,-5.01,0.00,19.51,11.99,12.17,16.38,13.90,15.05,16.67
Hexaware Tech.,544362,HEXT,INE093A01041,IT - Software,Computers - Software & Consulting,506.15,21.06,4.90,30878.52,74.30,4.20,-3.95,15.04,3.73,24.86,30.07,0.11,1.17,13835.50,20.87,1981.50,6603.10,0.00,,0.00,-6.83,2.80,2.76,6.18,15.70,16.37,16.49
I R C T C,542830,IRCTC,INE335Y01020,Leisure Services,"Tour, Travel Related Services",537.85,31.10,10.10,43003.67,62.40,4.86,-2.33,14.86,0.84,37.16,49.03,0.02,1.27,5023.67,59.19,1858.95,3299.14,0.00,0.00,0.00,24.57,20.04,5.45,2.06,16.01,18.02,15.60
ICICI Lombard,540716,ICICIGI,INE765G01017,Insurance,General Insurance,1854.30,33.40,5.56,92592.24,51.29,22.29,-1.06,19.41,1.16,17.82,23.52,0.00,1.97,26994.43,50.30,3658.93,9275.27,-0.02,3.27,0.00,16.40,11.40,13.36,17.23,16.16,13.44,17.29
Indiamart Inter.,542726,INDIAMART,INE933S01016,Retailing,Internet & Catalogue Retail,2029.30,25.73,5.08,12212.67,49.12,19.17,0.89,13.54,-2.87,20.70,28.04,0.01,1.37,1569.00,19.80,650.90,2754.72,0.00,-0.10,0.00,19.51,11.45,56.06,12.38,19.96,17.50,18.57
Indian Energy Ex,540750,IEX,INE022Q01020,Capital Markets,Exchange and Data Platform,127.58,24.01,8.71,11373.53,0.00,14.16,2.74,30.26,-4.69,39.40,51.79,0.01,1.22,608.39,30.50,627.09,1919.62,0.00,0.00,0.00,19.63,18.00,17.86,16.45,13.62,13.29,13.92
InfoBeans Tech.,543644,INFOBEAN,INE344S01016,IT - Software,Computers - Software & Consulting,155.39,17.30,3.64,1498.80,72.83,0.45,-0.10,0.20,-0.76,23.24,29.16,0.04,0.51,513.57,28.72,113.75,336.42,-1.57,-1.49,0.00,33.99,18.26,24.60,2.65,21.40,23.76,23.28
Jash Engineering,544402,JASH,INE039O01029,Industrial Manufacturing,Industrial Products,401.15,45.56,5.70,2533.75,43.24,1.79,-0.21,0.39,-0.10,22.35,24.95,0.25,1.15,746.03,120.88,85.01,197.07,-0.20,-7.84,0.00,37.33,32.62,95.77,24.23,19.99,22.80,21.49
K.P. Energy,539686,KPEL,INE127T01021,Power,Power Generation,368.50,13.74,4.76,2492.64,45.44,0.66,0.17,1.00,-0.05,43.37,39.22,0.84,0.22,1497.09,-38.08,299.62,371.37,0.56,0.64,0.00,61.01,95.99,37.27,42.52,43.16,37.88,83.68
Kalpataru Proj.,522287,KPIL,INE220B01022,Construction,Civil Construction,1273.00,21.42,2.80,21737.63,33.58,10.92,-0.81,45.12,1.22,14.20,16.64,0.46,0.57,27143.06,36.94,1834.65,4661.34,0.01,-13.65,24.55,35.09,11.09,9.97,23.59,14.28,14.01,15.95
KEI Industries,517569,KEI,INE878B01027,Industrial Products,Cables - Electricals,5281.50,55.00,7.58,50515.94,35.00,27.27,1.78,25.83,-1.44,14.75,20.07,0.04,2.26,11747.77,-163.21,1296.43,2160.70,0.00,-2.21,0.00,21.99,26.27,22.71,28.06,17.45,15.71,22.95
Kewal Kir.Cloth.,532732,KKCL,INE401H01017,Textiles & Apparels,Garments & Apparels,445.80,19.34,2.93,2745.05,74.29,2.32,-0.01,8.60,-0.23,16.14,18.08,0.14,2.32,1212.77,37.12,217.22,464.80,0.02,0.03,0.00,8.33,48.05,8.48,8.20,10.56,13.40,31.99
Kingfa Science,524019,KINGFA,INE473D01015,Industrial Products,Plastic Products - Industrial,5271.50,42.38,5.52,7120.18,67.02,7.76,0.02,8.85,0.10,23.21,30.55,0.01,0.89,1886.63,779.27,229.85,139.20,0.00,-7.97,0.00,47.72,44.08,29.80,48.41,23.07,16.43,18.66
KMC Speciality,524520,,INE879K01018,Healthcare Services,Hospital,96.02,42.75,8.59,1566.08,75.00,0.00,0.00,0.00,0.00,13.91,17.37,0.47,-12.84,284.44,-85.61,60.63,183.05,0.00,0.00,0.00,-3.33,12.78,18.04,72.85,20.36,18.48,19.21
Kovai Medical,523323,KOVAI,INE177F01017,Healthcare Services,Hospital,5350.50,23.96,4.44,5857.52,56.52,1.21,-0.10,4.47,-0.26,20.33,22.19,0.31,0.86,1585.64,55.12,357.72,1583.57,0.00,0.55,0.00,27.71,25.81,22.19,19.74,13.04,14.14,18.09
Krishana Phosch.,,KRISHANA,INE506W01012,Fertilizers & Agrochemicals,Fertilizers,666.85,22.41,7.20,4037.95,72.94,0.26,0.06,0.00,0.00,38.15,27.24,1.31,0.25,2418.00,-39.11,279.77,-158.43,0.68,8.11,0.00,87.56,51.31,40.79,56.92,39.19,49.34,66.74
Kwality Pharma,539997,KPL,INE552U01010,Pharmaceuticals & Biotechnology,Pharmaceuticals,2233.00,34.12,6.99,2319.45,54.87,2.79,2.29,0.36,0.03,22.82,24.25,0.39,1.17,503.08,437.07,101.29,214.27,0.04,0.13,0.00,29.11,35.00,36.88,43.74,21.10,17.16,13.94
L T Foods,532783,LTFOODS,INE818H01020,Agricultural Food & other Products,Other Agricultural Products,405.35,22.51,3.11,14075.90,51.01,8.74,-0.18,10.30,0.67,14.94,17.74,0.36,1.39,10945.56,31.66,997.22,2905.75,0.00,0.01,0.00,16.16,16.06,23.95,17.21,13.99,15.93,18.70
Lloyds Metals,512455,LLOYDSME,INE281B01032,Minerals & Mining,Industrial Minerals,1801.40,31.80,8.61,101573.04,61.65,2.26,0.37,1.71,-0.14,35.13,36.21,0.47,0.61,13680.60,-52.49,4430.65,7127.03,-2.08,-4.10,5.17,46.99,543.00,81.58,68.23,43.22,61.72,122.42
Lumax Auto Tech.,532796,LUMAXTECH,INE872H01027,Auto Components,Auto Components & Equipments,1591.00,42.18,10.28,10835.56,55.98,8.38,0.38,16.81,0.29,20.25,19.02,1.05,1.18,4586.27,94.46,498.28,878.70,0.00,0.00,0.00,35.63,24.69,19.62,19.11,15.85,20.03,26.09
M B Agro Prod.,,MBAPL,INE900L01010,Fertilizers & Agrochemicals,Fertilizers,544.50,31.77,8.68,4771.29,74.76,0.46,0.27,0.00,0.00,31.50,19.40,1.56,4.86,1866.98,-29.01,206.43,-25.47,0.00,0.48,0.00,6.53,49.33,44.61,32.20,39.97,50.42,58.81
Macpower CNC,,MACPOWER,INE155Z01011,Industrial Manufacturing,Industrial Products,1184.20,36.03,7.63,1184.70,73.17,1.11,0.08,0.52,0.17,19.85,27.07,0.01,1.32,312.90,-760.73,45.26,44.68,0.00,0.06,0.00,27.21,57.17,20.64,16.18,15.18,13.93,26.14
Manorama Indust.,541974,MANORAMA,INE00VM01036,Food Products,Other Food Products,1407.60,35.92,12.10,8376.48,54.32,2.89,0.18,3.00,-0.61,40.32,35.45,0.51,0.36,1357.70,-327.06,353.51,73.06,0.00,-2.94,0.00,98.58,71.64,41.07,43.12,26.31,44.66,46.29
Marksans Pharma,524404,MARKSANS,INE750C01026,Pharmaceuticals & Biotechnology,Pharmaceuticals,220.26,27.73,3.71,9991.29,43.87,16.76,8.63,6.57,0.66,16.77,20.03,0.12,1.02,2803.29,123.97,497.92,952.33,0.00,0.02,0.00,22.98,23.25,39.75,12.11,12.65,16.28,18.25
Mazagon Dock,543237,MAZDOCK,INE249Z01020,Industrial Manufacturing,Ship Building & Allied Services,2470.20,38.58,10.21,99659.08,81.22,1.73,-0.07,5.09,-0.28,29.20,35.98,0.05,1.20,13006.31,-210.69,3308.36,1224.05,0.00,-3.61,0.00,32.19,33.51,27.21,-8.14,12.25,15.96,26.30
Metro Brands,543426,METROBRAND,INE317I01021,Consumer Durables,Footwear,1074.00,71.21,14.69,29278.58,71.80,3.77,-0.04,7.58,0.07,22.21,20.18,0.79,14.96,2863.63,61.60,662.19,2361.77,-0.03,-2.41,0.00,4.66,43.15,4.35,-12.57,13.56,13.00,29.05
Monarch Networth,511551,MONARCH,INE903D01011,Capital Markets,Stockbroking & Allied,326.95,14.28,2.67,2587.24,53.85,1.47,0.03,0.15,0.00,20.49,27.68,0.04,0.23,372.17,1464.81,251.14,60.30,0.44,3.19,5.47,53.28,38.60,41.28,75.85,21.51,25.38,29.40
Multi Comm. Exc.,534091,MCX,INE745G01043,Capital Markets,Exchange and Data Platform,3313.90,63.45,29.67,84488.82,0.00,26.07,5.43,54.35,-4.81,56.27,71.37,0.00,0.59,2302.00,61.60,1690.69,4959.69,0.00,0.00,0.00,107.53,48.69,35.90,31.02,25.64,33.79,42.59
Narayana Hrudaya,539551,NH,INE410P01011,Healthcare Services,Hospital,1940.00,46.58,8.74,39672.72,63.27,9.98,-1.12,9.14,1.23,20.87,15.36,1.29,3.73,7896.04,156.82,1263.51,5243.15,0.00,-0.58,0.00,12.49,155.30,46.34,42.33,17.21,15.61,25.04
NESCO,505355,NESCO,INE317F01035,Commercial Services & Supplies,Diversified Commercial Services,1269.70,21.87,3.20,8929.76,68.54,4.63,-0.02,3.84,0.06,15.82,21.12,0.04,0.83,872.45,221.33,529.13,1315.28,0.00,0.00,0.00,26.47,10.75,11.78,14.89,14.17,12.49,11.14
Nestle India,500790,NESTLEIND,INE239A01024,Food Products,Packaged Foods,1413.60,78.96,51.34,272557.78,62.76,9.74,-0.07,12.40,0.30,73.24,84.21,0.08,6.03,23154.60,109.77,4647.18,17132.13,0.00,0.00,0.00,13.09,10.63,11.54,14.57,10.97,10.80,11.64
Neuland Labs.,524558,NEULANDLAB,INE794A01010,Pharmaceuticals & Biotechnology,Pharmaceuticals,16758.00,59.28,11.47,21576.52,32.64,20.46,-0.44,15.84,1.12,21.42,26.59,0.16,1.95,2022.99,354.88,512.93,1222.84,0.01,-3.50,2.29,30.39,38.74,55.54,24.90,14.77,17.18,16.64
Persistent Systems,533179,PERSISTENT,INE262H01021,IT - Software,Computers - Software & Consulting,5038.00,41.13,10.14,79460.06,30.29,22.11,-0.68,30.47,0.67,27.30,34.43,0.06,1.49,14748.45,68.48,2572.92,6026.91,0.00,-0.97,0.00,26.35,35.06,29.27,22.40,20.36,23.50,28.63
Polycab India,542652,POLYCAB,INE455K01017,Industrial Products,Cables - Electricals,9398.50,52.97,11.78,141549.52,61.50,18.21,3.39,7.95,-3.18,24.48,34.32,0.02,1.76,28883.79,116.94,3856.11,8854.57,0.00,-4.70,0.00,29.82,24.93,25.95,29.71,18.70,20.16,26.86
Pondy Oxides,532626,POCL,INE063E01053,Diversified Metals,Diversified Metals,1507.50,38.72,6.61,4596.63,39.34,2.22,-0.12,7.15,0.37,13.66,16.88,0.05,3.68,2523.60,-112.13,165.86,22.51,0.00,-9.54,0.00,3.65,26.41,8.53,21.89,18.46,11.62,10.70
Power Mech Proj.,539302,POWERMECH,INE211R01019,Construction,Civil Construction,2547.10,22.12,3.20,8051.25,58.42,6.48,-0.07,20.18,-0.36,15.56,21.82,0.26,1.09,6061.57,415.82,673.14,992.05,0.09,-5.75,0.00,17.97,56.54,15.90,16.26,15.97,15.13,26.33
Prec. Wires (I),523539,PRECWIRE,INE372C01037,Industrial Products,"Aluminium, Copper & Zinc Products",442.60,51.98,10.48,8070.67,56.62,1.65,0.33,0.11,0.05,23.03,33.09,0.38,1.35,5463.43,390.48,281.81,619.79,0.00,-3.05,0.00,37.43,30.28,19.73,24.08,20.54,17.59,26.03
Radico Khaitan,532497,RADICO,INE944F01028,Beverages,Breweries & Distilleries,3539.40,76.84,14.29,47405.66,40.20,17.63,-2.19,27.35,3.32,20.33,24.21,0.15,1.87,6050.43,224.42,885.82,1732.25,0.00,-0.07,0.00,41.12,17.30,17.90,22.55,13.92,16.61,20.58
Railtel Corpn.,543265,RAILTEL,INE0DD101019,Telecom - Services,Other Telecom Services,328.55,29.01,4.66,10554.32,72.84,3.72,0.04,0.99,0.15,17.07,22.78,0.03,1.20,4277.48,118.34,497.72,1670.26,0.00,0.00,0.00,24.22,20.98,15.47,13.59,22.28,23.32,26.18
Rainbow Child.,543524,RAINBOW,INE961O01016,Healthcare Services,Hospital,1350.00,49.04,8.32,13702.91,49.84,17.24,-2.00,21.12,1.63,17.93,18.25,0.54,4.98,1703.08,97.39,437.39,1687.68,0.00,0.01,0.00,9.83,24.80,15.33,4.23,21.98,17.75,21.24
Rajoo Engineers,522257,RAJOOENG,INE535F01024,Industrial Manufacturing,Industrial Products,57.87,21.66,2.99,1033.99,60.70,1.66,-0.09,0.77,-0.22,18.77,24.49,0.07,0.34,344.25,56.79,67.00,184.09,0.00,-5.14,0.00,59.79,29.83,27.41,22.18,11.55,14.71,15.22
Redington,532805,REDINGTON,INE891D01026,Commercial Services & Supplies,Trading & Distributors,224.14,11.01,1.72,17558.43,0.00,61.49,-0.45,17.12,-0.16,16.89,17.47,0.28,2.36,119162.36,41.12,2208.06,-640.95,0.00,0.00,0.00,4.66,15.81,16.11,14.44,12.89,14.38,15.91
Safari Inds.,523025,SAFARI,INE429E01023,Consumer Durables,Plastic Products - Consumer,1515.30,44.22,6.66,7418.95,44.70,10.81,-1.51,28.30,1.74,16.22,19.48,0.10,4.28,2047.02,180.03,224.95,513.87,0.00,-2.53,0.00,9.12,56.85,27.79,33.69,22.42,19.81,44.23
Saksoft,590051,SAKSOFT,INE667G01023,IT - Software,Computers - Software & Consulting,144.01,13.88,2.45,1900.26,66.71,2.40,0.17,0.00,-0.14,19.58,25.50,0.06,0.74,1007.19,17.41,193.41,492.91,0.03,-0.15,0.00,18.51,24.38,20.60,22.11,15.24,15.92,21.16
Sarda Energy,504614,SARDAEN,INE385C01021,Ferrous Metals,Iron & Steel,543.90,17.44,2.60,19160.96,73.16,3.50,-0.04,3.32,0.39,16.09,17.39,0.36,0.78,5690.45,25.30,1683.71,4981.69,0.00,0.52,0.00,22.37,24.60,27.87,59.24,14.42,13.65,20.95
Schaeffler India,505790,SCHAEFFLER,INE513A01022,Auto Components,Auto Components & Equipments,4102.70,51.28,10.44,64121.99,74.13,4.25,-0.20,16.32,0.21,20.80,27.90,0.01,4.53,9792.26,136.12,1685.70,4342.07,0.00,0.00,0.00,11.33,32.73,15.13,12.43,18.57,10.87,20.09
Shaily Engineer.,501423,SHAILY,INE151G01028,Industrial Products,Plastic Products - Industrial,2751.00,78.60,19.47,12679.87,43.40,16.73,4.72,10.61,-3.03,28.16,30.17,0.27,1.05,921.20,966.25,227.63,406.37,0.00,-0.41,0.00,75.13,46.00,33.54,26.38,15.11,15.38,20.63
Shriram Pistons,544344,SHRIPISTON,INE526E01018,Auto Components,Auto Components & Equipments,3238.70,24.91,4.92,14258.53,43.75,7.65,1.03,12.89,-0.25,21.62,21.02,0.68,0.97,4458.70,40.96,839.80,2160.61,0.00,-3.00,0.00,25.53,45.86,22.67,20.36,12.34,12.50,22.80
Sika Interplant,523606,SIKA,INE438E01032,Aerospace & Defense,Aerospace & Defense,935.00,54.40,12.74,1982.18,71.72,3.21,0.07,0.04,0.00,26.08,35.24,0.00,0.87,211.23,92.22,49.24,86.70,0.00,0.00,0.00,62.19,25.57,36.02,35.55,17.67,24.51,21.52
Sirca Paints,543686,SIRCA,INE792Z01011,Consumer Durables,Paints,419.95,36.57,5.02,2379.06,65.19,6.29,-0.63,0.00,-0.32,15.77,21.47,0.07,3.01,492.48,-1830.17,92.01,157.19,0.00,-2.36,0.00,10.84,30.73,13.51,-26.31,21.45,22.92,28.50
Skipper,538562,SKIPPER,INE439E01022,Electrical Equipment,Heavy Electrical Equipment,480.35,25.19,3.68,5424.94,66.50,6.07,-0.30,1.66,0.86,16.20,23.32,0.64,0.29,5552.82,-222.87,503.42,931.28,0.02,-5.39,0.00,87.75,60.05,31.47,8.44,13.98,16.81,28.55
Solar Industries,532725,SOLARINDS,INE343H01029,Chemicals & Petrochemicals,Explosives,18377.00,99.16,26.49,166342.20,73.15,6.59,-0.15,12.89,-0.02,31.46,36.79,0.24,3.46,9837.74,398.63,2499.19,5448.72,0.00,0.00,1.76,28.70,43.47,30.23,26.30,21.11,21.89,31.36
Solex Energy,,SOLEX,INE880Y01017,Electrical Equipment,Heavy Electrical Equipment,1396.50,17.02,6.20,1508.57,66.15,0.13,-0.12,0.81,-0.17,44.13,34.04,1.33,0.08,1555.28,-44.71,148.55,164.08,0.00,-4.50,0.00,211.65,98.99,39.41,44.60,42.09,39.79,81.20
Sona BLW Precis.,543300,SONACOMS,INE073K01018,Auto Components,Auto Components & Equipments,594.65,54.02,6.33,36985.80,28.02,23.70,-0.19,41.46,0.72,12.19,15.78,0.06,2.56,4123.67,120.59,926.78,2882.11,0.00,-4.98,0.00,18.71,22.73,-15.69,25.78,27.43,28.85,24.12
Swaraj Engines,500407,SWARAJENG,INE277A01016,Industrial Products,"Compressors, Pumps & Diesel Engines",3741.20,22.81,9.30,4535.35,52.11,2.82,-0.33,9.09,-0.65,43.79,58.72,0.00,1.60,2007.13,45.83,267.37,668.66,-0.01,-0.02,0.00,14.28,16.63,13.40,14.77,14.33,12.65,15.26
Tanfac Inds.,506854,,INE639B01023,Chemicals & Petrochemicals,Commodity Chemicals,2037.35,57.95,10.89,4064.52,51.81,0.03,-0.07,0.33,-0.06,20.47,23.66,0.25,6.73,711.07,-116.83,96.94,197.34,0.00,0.00,0.00,8.70,32.40,10.07,36.82,18.22,18.11,36.90
Thyrocare Tech.,539871,THYROCARE,INE594H01019,Healthcare Services,Healthcare Service Provider,493.15,46.80,13.41,7840.83,60.92,5.37,0.41,21.00,0.48,29.60,36.72,0.09,1.24,829.04,52.23,221.84,814.91,-0.01,-10.22,100.00,37.57,9.19,10.68,12.74,13.15,10.86,10.88
Titan Company,500114,TITAN,INE280A01028,Consumer Durables,"Gems, Jewellery And Watches",4159.20,71.70,23.51,369143.97,52.90,15.65,0.10,14.84,0.01,37.68,25.80,0.93,4.33,87584.00,234.40,8082.00,7390.00,0.00,0.00,0.00,16.54,39.88,20.36,22.47,22.75,23.69,32.26
Uno Minda,532539,UNOMINDA,INE405E01023,Auto Components,Auto Components & Equipments,1118.50,53.10,9.46,64624.14,68.37,8.96,-0.87,16.89,0.92,19.38,19.70,0.40,2.28,19657.59,-459.38,1830.97,4956.68,-0.04,-1.69,0.00,23.03,41.21,22.00,25.74,22.77,18.74,25.26
Vadilal Inds.,519156,VADILALIND,INE694D01016,Food Products,Dairy Products,4369.70,25.62,4.00,3131.98,64.73,0.58,0.02,0.42,0.00,24.00,25.11,0.26,0.52,1359.70,56.66,174.70,475.60,0.00,0.00,7.57,49.16,29.24,37.86,54.88,11.79,12.37,15.62
Vesuvius India,520113,VESUVIUS,INE386A01023,Industrial Products,Electrodes & Refractories,466.45,36.15,5.69,9422.71,55.57,4.56,0.12,22.03,0.12,15.02,21.34,0.01,1.40,2121.96,51648.74,353.01,673.12,0.00,0.00,0.00,25.80,34.39,14.08,12.20,11.64,12.46,21.60
Vishnu Chemicals,516072,VISHNU,INE270I01022,Chemicals & Petrochemicals,Specialty Chemicals,603.45,29.48,4.06,4062.48,69.21,2.30,0.10,5.72,0.01,15.54,18.07,0.42,1.86,1552.03,-388.14,226.32,453.71,0.00,-5.79,0.00,11.31,38.24,34.06,17.76,13.22,12.28,16.52
Volt.Transform.,532757,VOLTAMP,INE540H01012,Electrical Equipment,Heavy Electrical Equipment,9213.00,30.50,5.20,9313.31,30.00,22.82,1.04,31.66,0.28,18.07,24.08,0.00,1.93,2153.69,74.90,407.25,808.72,0.00,-20.00,0.00,15.82,27.26,20.49,23.74,14.35,14.62,25.48
Websol Energy,517498,WEBELSOLAR,INE855C01023,Electrical Equipment,Other Electrical Equipment,111.11,15.84,7.65,4816.85,29.72,4.12,-1.28,0.32,0.01,66.94,63.18,0.21,0.10,1049.44,-541.66,376.83,445.49,2.01,2.96,89.39,145.67,86.30,36.93,36.23,14.14,47.66,46.86
Windlas Biotech,543329,WINDLAS,INE0H5O01029,Pharmaceuticals & Biotechnology,Pharmaceuticals,785.25,24.33,2.85,1616.37,61.90,0.60,-0.33,11.80,0.36,12.23,15.90,0.06,1.47,904.09,38.89,91.76,352.05,-0.09,-0.54,0.00,16.83,0.69,-1.30,14.48,12.70,17.74,16.15
Zydus Lifesci.,532321,ZYDUSLIFE,INE010B01027,Pharmaceuticals & Biotechnology,Pharmaceuticals,1072.95,19.90,3.98,107963.88,75.00,6.95,-0.11,11.20,0.12,21.25,21.15,0.46,0.62,27148.40,46.73,7576.60,16914.10,0.00,0.02,0.00,32.22,19.18,17.41,11.04,11.16,10.89,12.45
