Name,BSE Code,NSE Code,ISIN Code,Industry Group,Industry,Current Price,Price to Earning,Price to book value,Market Capitalization,Promoter holding,FII holding,Change in FII holding,DII holding,Change in DII holding,Return on equity,Return on capital employed,Debt to equity,PEG Ratio,Sales,Price to Free Cash Flow,EBIT,Operating cash flow 5years,Change in promoter holding,Change in promoter holding 3Years,Pledged percentage,EPS growth 3Years,EPS growth 5Years,EPS growth 7Years,EPS growth 10Years,Average return on capital employed 3Years,Average return on capital employed 5Years
Accent Microcell,,ACCENTMIC,INE0Q5D01013,Pharmaceuticals & Biotechnology,Pharmaceuticals,434.80,23.78,3.79,1043.04,55.47,0.58,0.29,3.59,0.02,18.65,24.88,0.00,0.45,349.03,-37.89,58.80,77.08,0.03,,0.00,30.31,12.28,13.82,,26.50,25.01
Action Const.Eq.,532762,ACE,INE731H01025,"Agricultural, Commercial & Construction Vehicles",Construction Vehicles,885.45,25.42,5.24,10552.00,65.42,9.58,-0.82,1.84,0.08,22.90,31.70,0.00,0.66,3280.44,39.30,578.82,1640.47,0.00,-1.34,0.00,38.27,39.14,32.93,47.69,38.04,32.35
Acutaas Chemical,543349,ACUTAAS,INE00FF01025,Pharmaceuticals & Biotechnology,Pharmaceuticals,2923.80,67.25,14.48,23959.00,32.66,19.48,2.81,19.60,-2.10,24.05,31.56,0.02,1.09,1339.37,-238.17,485.99,589.28,0.00,-6.75,0.00,55.83,38.33,21.56,,22.49,22.35
AGI Infra,539042,AGIIL,INE976R01033,Realty,"Residential, Commercial Projects",382.90,50.45,10.30,4786.15,71.29,3.98,3.15,0.01,-0.01,24.98,20.11,0.40,1.97,352.54,-155.82,110.88,221.93,-1.65,-1.65,0.00,24.62,40.53,35.43,34.85,22.43,25.76
Alldigi Tech,532633,ALLDIGI,INE835G01018,Commercial Services & Supplies,Business Process Outsourcing (BPO)/ Knowledge Process Outsourcing (KPO),828.05,14.32,5.03,1268.95,73.39,1.35,-0.16,1.44,0.01,34.72,30.34,0.68,0.60,598.68,13.01,112.92,488.39,0.00,0.00,0.00,23.82,20.58,24.24,11.25,30.82,27.94
Anand Rathi Wea.,543415,ANANDRATHI,INE463V01026,Capital Markets,Financial Products Distributor,3617.30,76.73,29.30,30035.68,43.12,5.78,-0.88,9.10,-0.35,45.30,57.47,0.08,2.36,1207.77,110.00,543.09,1128.32,0.00,-5.62,11.42,32.73,42.46,21.43,27.98,53.16,50.65
Astrazeneca Phar,506820,ASTRAZEN,INE203A01020,Pharmaceuticals & Biotechnology,Pharmaceuticals,8800.00,105.55,27.53,21957.17,75.00,2.78,0.07,5.79,0.24,23.63,33.40,0.04,2.44,2177.45,488.56,285.51,357.10,0.00,0.00,0.00,43.27,19.45,31.40,26.39,31.81,28.34
Banco Products,500039,BANCOINDIA,INE213C01025,Auto Components,Auto Components & Equipments,624.75,18.79,5.47,8979.35,67.88,4.06,0.06,0.22,0.00,32.18,32.36,0.45,0.53,3672.29,85.28,660.30,794.99,0.00,0.00,0.00,35.59,38.94,18.31,20.30,28.38,25.47
Benares Hotels,509438,,INE664D01019,Leisure Services,Hotels & Resorts,10361.45,31.08,6.33,1346.99,62.58,0.02,0.00,0.01,0.00,22.49,29.80,0.02,1.36,139.14,94.88,58.58,175.14,0.00,0.01,0.00,22.82,59.39,26.18,17.69,35.90,30.44
Bharat Electron,500049,BEL,INE263A01024,Aerospace & Defense,Aerospace & Defense,421.85,50.87,12.85,308363.02,51.14,19.51,1.00,20.00,-0.47,27.58,36.53,0.00,1.90,27610.11,222.71,8059.69,12193.96,0.00,0.00,0.00,26.72,23.64,18.15,17.25,36.67,33.40
BLS Internat.,540073,BLS,INE153T01027,Leisure Services,"Tour, Travel Related Services",269.05,16.12,4.50,11067.55,70.39,6.14,-0.23,2.99,0.07,32.74,29.34,0.17,0.32,2998.22,20.50,820.38,2453.37,0.00,-4.02,0.00,50.09,68.66,37.13,36.30,31.33,29.57
BSE,,BSE,INE118H01025,Capital Markets,Exchange and Data Platform,4291.20,70.33,26.19,174780.18,0.00,19.42,1.97,25.09,1.35,44.79,58.03,0.00,0.57,4833.95,97.76,3299.14,7465.95,0.00,0.00,0.00,123.98,68.26,45.10,43.42,42.46,30.80
C D S L,,CDSL,INE736A01011,Capital Markets,"Depositories, Clearing Houses and Other Intermediaries",1217.40,55.78,12.98,25443.66,15.00,11.36,-1.04,14.42,-0.70,24.52,31.97,0.00,3.02,1144.92,72.96,609.16,1927.48,0.00,-5.00,0.00,18.45,17.89,21.99,20.96,38.03,36.83
Caplin Point Lab,524742,CAPLIPOINT,INE475E01026,Pharmaceuticals & Biotechnology,Pharmaceuticals,2077.90,24.62,4.40,15788.63,70.57,6.15,-0.43,2.14,0.09,20.62,24.63,0.00,1.26,2187.19,68.81,803.66,1882.09,0.00,-0.09,0.00,19.52,21.81,20.28,30.17,25.65,26.29
Cigniti Tech.,534758,CIGNITITEC,INE675C01017,IT - Services,IT Enabled Services,1260.30,11.36,3.07,3471.74,54.00,10.43,-1.17,11.58,2.28,25.96,34.09,0.02,0.33,2211.20,25.05,412.70,629.56,0.00,19.39,0.00,35.18,13.00,31.05,22.72,34.47,33.23
Coforge,532541,COFORGE,INE591G01025,IT - Software,Computers - Software & Consulting,1398.00,36.62,4.92,60137.84,0.00,23.32,-11.21,44.42,-9.25,20.64,23.50,0.08,1.18,16402.70,71.56,2327.40,5648.30,0.00,-30.16,0.00,26.91,25.84,20.53,18.70,24.35,27.07
Cupid,530843,CUPID,INE509F01029,Personal Products,Personal Care,124.69,154.82,37.19,16761.00,46.03,1.01,-0.47,0.17,-0.13,27.30,33.46,0.13,3.03,391.40,-1910.41,145.31,85.77,0.48,0.97,24.79,50.77,30.74,32.32,21.03,24.31,23.22
eClerx Services,532927,ECLERX,INE738I01010,Commercial Services & Supplies,Business Process Outsourcing (BPO)/ Knowledge Process Outsourcing (KPO),1588.10,21.13,5.83,14921.53,54.52,11.82,0.43,23.95,-1.36,29.02,34.81,0.15,1.54,4117.03,25.52,977.26,2990.51,0.71,0.91,0.00,15.29,24.16,21.18,10.41,31.51,32.98
Eicher Motors,505200,EICHERMOT,INE066A01021,Automobiles,2/3 Wheelers,7414.00,36.58,8.10,203312.48,49.06,26.77,-0.24,14.73,0.09,23.96,30.52,0.02,1.52,23407.56,64.91,7229.04,16858.17,0.00,-0.14,0.00,23.89,32.66,14.04,15.19,30.49,27.42
Esab India,500133,ESABINDIA,INE284A01012,Industrial Products,Other Industrial Products,6989.50,54.97,25.82,10756.51,73.72,1.56,0.05,12.88,-0.05,52.34,70.03,0.01,1.98,1480.12,83.92,262.62,627.26,0.00,0.00,0.00,27.78,19.74,24.09,18.84,72.46,57.73
Frontier Springs,522195,FRONTSP,INE572D01014,Auto Components,Auto Components & Equipments,1627.10,34.08,12.36,1921.84,51.76,0.00,0.00,0.51,0.30,32.04,41.56,0.04,0.52,309.59,461.53,76.23,64.45,0.00,0.00,0.00,65.70,19.49,37.97,57.66,25.18,21.76
Godfrey Phillips,500163,GODFRYPHLP,INE260B01028,Cigarettes & Tobacco Products,Cigarettes & Tobacco Products,2320.60,23.73,5.83,36201.82,72.58,7.91,-0.24,3.28,-0.93,26.62,32.84,0.04,0.63,6391.11,306.58,1951.60,2130.17,0.00,0.00,0.21,37.38,37.92,32.31,26.05,27.46,24.10
Grauer & Weil,505710,GRAUWEIL,INE266D01021,Chemicals & Petrochemicals,Commodity Chemicals,68.10,22.01,3.10,3087.28,69.03,0.42,-0.17,0.06,0.04,17.58,23.34,0.01,0.85,1175.18,28.16,187.99,577.83,0.00,-0.02,0.00,25.80,17.17,13.36,16.37,24.36,22.11
HBL Engineering,517271,HBLENGINE,INE292B01021,Industrial Products,Other Industrial Products,758.70,25.11,9.50,21040.29,59.11,5.94,0.07,0.79,-0.03,45.33,58.45,0.03,0.24,3302.83,67.01,1121.35,1443.19,0.00,0.03,0.00,104.73,117.77,66.33,47.34,40.57,29.77
Indian Energy Ex,540750,IEX,INE022Q01020,Capital Markets,Exchange and Data Platform,127.58,24.01,8.71,11373.53,0.00,14.16,2.74,30.26,-4.69,39.40,51.79,0.01,1.22,608.39,30.50,627.09,1919.62,0.00,0.00,0.00,19.63,18.00,17.86,16.45,52.58,53.76
Indo Tech.Trans.,532717,INDOTECH,INE332H01014,Electrical Equipment,Heavy Electrical Equipment,2438.90,28.03,6.93,2600.52,75.00,0.27,0.08,0.00,-0.66,28.35,37.71,0.01,0.52,782.08,90.06,125.92,162.14,0.00,0.00,77.24,53.40,71.30,44.28,31.64,36.67,28.93
Jash Engineering,544402,JASH,INE039O01029,Industrial Manufacturing,Industrial Products,401.15,45.56,5.70,2533.75,43.24,1.79,-0.21,0.39,-0.10,22.35,24.95,0.25,1.15,746.03,120.88,85.01,197.07,-0.20,-7.84,0.00,37.33,32.62,95.77,24.23,24.19,22.19
K.P. Energy,539686,KPEL,INE127T01021,Power,Power Generation,368.50,13.74,4.76,2492.64,45.44,0.66,0.17,1.00,-0.05,43.37,39.22,0.84,0.22,1497.09,-38.08,299.62,371.37,0.56,0.64,0.00,61.01,95.99,37.27,42.52,39.49,37.13
KFin Technolog.,543720,KFINTECH,INE138Y01010,Capital Markets,"Depositories, Clearing Houses and Other Intermediaries",829.40,40.58,8.55,14315.82,22.86,26.26,0.10,25.22,0.34,22.90,30.48,0.03,1.87,1301.49,55.30,485.07,1533.76,-0.01,-26.56,0.00,20.90,46.67,68.05,,31.16,31.27
Kirl.Pneumatic,505283,KIRLPNU,INE811A01020,Industrial Products,"Compressors, Pumps & Diesel Engines",1659.80,40.07,8.62,10778.74,38.81,9.56,2.83,26.53,-1.71,22.92,30.36,0.00,1.10,1759.20,78.28,356.40,774.71,-0.01,-0.19,0.00,36.07,33.47,25.23,22.94,26.78,23.49
KPIT Technologi.,542651,KPITTECH,INE04I401011,IT - Software,Computers - Software & Consulting,756.60,30.64,5.86,20733.44,39.42,13.25,-0.32,24.65,-0.70,20.97,26.31,0.24,1.45,6454.93,19.66,1005.44,4523.51,0.00,-0.07,0.00,21.15,36.82,35.80,,34.90,31.94
KSB,500249,KSB,INE999A01023,Industrial Products,"Compressors, Pumps & Diesel Engines",817.15,51.63,8.47,14209.48,69.80,4.66,0.14,11.64,-0.31,18.39,24.70,0.00,3.04,2701.60,312.36,373.10,521.96,0.00,3.11,0.00,16.97,25.25,22.25,15.56,24.00,23.23
Lloyds Metals,512455,LLOYDSME,INE281B01032,Minerals & Mining,Industrial Minerals,1801.40,31.80,8.61,101573.04,61.65,2.26,0.37,1.71,-0.14,35.13,36.21,0.47,0.61,13680.60,-52.49,4430.65,7127.03,-2.08,-4.10,5.17,46.99,543.00,81.58,68.23,51.24,53.89
Marksans Pharma,524404,MARKSANS,INE750C01026,Pharmaceuticals & Biotechnology,Pharmaceuticals,220.26,27.73,3.71,9991.29,43.87,16.76,8.63,6.57,0.66,16.77,20.03,0.12,1.02,2803.29,123.97,497.92,952.33,0.00,0.02,0.00,22.98,23.25,39.75,12.11,20.73,24.61
Master Trust,511768,MASTERTR,INE677D01037,Capital Markets,Stockbroking & Allied,89.11,8.69,1.34,1096.20,71.93,0.02,0.00,0.00,-0.05,17.33,23.85,0.28,0.36,575.85,4.56,231.85,893.45,0.00,-2.91,16.95,19.17,26.54,31.24,41.12,28.91,28.15
Mazagon Dock,543237,MAZDOCK,INE249Z01020,Industrial Manufacturing,Ship Building & Allied Services,2470.20,38.58,10.21,99659.08,81.22,1.73,-0.07,5.09,-0.28,29.20,35.98,0.05,1.20,13006.31,-210.69,3308.36,1224.05,0.00,-3.61,0.00,32.19,33.51,27.21,-8.14,41.14,35.45
Monarch Networth,511551,MONARCH,INE903D01011,Capital Markets,Stockbroking & Allied,326.95,14.28,2.67,2587.24,53.85,1.47,0.03,0.15,0.00,20.49,27.68,0.04,0.23,372.17,1464.81,251.14,60.30,0.44,3.19,5.47,53.28,38.60,41.28,75.85,37.62,38.85
Multi Comm. Exc.,534091,MCX,INE745G01043,Capital Markets,Exchange and Data Platform,3313.90,63.45,29.67,84488.82,0.00,26.07,5.43,54.35,-4.81,56.27,71.37,0.00,0.59,2302.00,61.60,1690.69,4959.69,0.00,0.00,0.00,107.53,48.69,35.90,31.02,40.46,29.79
Netweb Technol.,543945,NETWEB,INE0NT901020,IT - Services,IT Enabled Services,3843.10,106.29,30.25,21876.91,66.98,9.29,-0.26,4.68,1.38,32.84,37.50,0.39,1.67,2183.56,526.08,289.47,208.97,-4.02,,0.00,57.69,19.97,33.69,,36.13,44.88
Network People,544396,NPST,INE0FFK01017,IT - Services,IT Enabled Services,1031.20,62.37,5.16,2156.66,60.52,0.12,-0.03,10.02,0.07,56.01,69.23,0.02,0.30,159.27,76.67,48.16,98.82,0.25,-7.03,0.00,211.24,46.40,27.89,,61.15,44.15
Newgen Software,540900,NEWGEN,INE619B01017,IT - Software,Computers - Software & Consulting,435.90,18.68,3.49,6200.09,53.52,14.48,-2.86,8.85,-0.83,20.15,25.76,0.02,0.79,1574.40,27.25,436.19,1007.37,0.00,-1.64,0.00,23.08,21.05,17.94,24.60,26.80,26.21
Persistent Systems,533179,PERSISTENT,INE262H01021,IT - Software,Computers - Software & Consulting,5038.00,41.13,10.14,79460.06,30.29,22.11,-0.68,30.47,0.67,27.30,34.43,0.06,1.49,14748.45,68.48,2572.92,6026.91,0.00,-0.97,0.00,26.35,35.06,29.27,22.40,31.35,30.13
Polycab India,542652,POLYCAB,INE455K01017,Industrial Products,Cables - Electricals,9398.50,52.97,11.78,141549.52,61.50,18.21,3.39,7.95,-3.18,24.48,34.32,0.02,1.76,28883.79,116.94,3856.11,8854.57,0.00,-4.70,0.00,29.82,24.93,25.95,29.71,31.79,28.71
Saksoft,590051,SAKSOFT,INE667G01023,IT - Software,Computers - Software & Consulting,144.01,13.88,2.45,1900.26,66.71,2.40,0.17,0.00,-0.14,19.58,25.50,0.06,0.74,1007.19,17.41,193.41,492.91,0.03,-0.15,0.00,18.51,24.38,20.60,22.11,25.75,26.45
Shakti Pumps,531431,SHAKTIPUMP,INE908D01010,Industrial Products,"Compressors, Pumps & Diesel Engines",511.15,24.49,3.70,6307.49,50.35,4.83,-0.51,4.97,-1.33,17.97,23.73,0.29,0.20,2697.61,-143.83,418.22,249.90,0.01,-5.79,0.00,112.10,24.95,26.23,69.53,36.81,28.43
Shilchar Tech.,531201,SHILCTECH,INE024F01011,Electrical Equipment,Other Electrical Equipment,4082.00,29.50,9.51,4665.71,62.12,2.55,-0.20,1.91,0.42,37.76,50.72,0.00,0.55,651.94,54.44,212.44,340.83,0.00,-3.73,0.00,53.92,95.42,53.78,32.97,65.56,54.84
Sika Interplant,523606,SIKA,INE438E01032,Aerospace & Defense,Aerospace & Defense,935.00,54.40,12.74,1982.18,71.72,3.21,0.07,0.04,0.00,26.08,35.24,0.00,0.87,211.23,92.22,49.24,86.70,0.00,0.00,0.00,62.19,25.57,36.02,35.55,29.95,27.18
Solar Industries,532725,SOLARINDS,INE343H01029,Chemicals & Petrochemicals,Explosives,18377.00,99.16,26.49,166342.20,73.15,6.59,-0.15,12.89,-0.02,31.46,36.79,0.24,3.46,9837.74,398.63,2499.19,5448.72,0.00,0.00,1.76,28.70,43.47,30.23,26.30,35.80,33.62
Swaraj Engines,500407,SWARAJENG,INE277A01016,Industrial Products,"Compressors, Pumps & Diesel Engines",3741.20,22.81,9.30,4535.35,52.11,2.82,-0.33,9.09,-0.65,43.79,58.72,0.00,1.60,2007.13,45.83,267.37,668.66,-0.01,-0.02,0.00,14.28,16.63,13.40,14.77,55.52,54.28
TD Power Systems,533553,TDPOWERSYS,INE419M01027,Electrical Equipment,Heavy Electrical Equipment,1301.80,85.19,18.97,20340.96,26.87,26.69,2.33,22.24,-0.95,24.72,33.43,0.02,2.39,1856.23,1368.38,328.02,352.06,0.00,-31.63,0.00,35.53,43.10,84.91,40.36,29.72,25.51
Timex Group,500414,TIMEX,INE064A01026,Consumer Durables,"Gems, Jewellery And Watches",381.50,65.04,32.27,3854.80,51.00,1.32,-0.70,0.51,0.02,196.63,42.56,0.11,0.57,698.80,326.17,86.88,43.94,0.00,-23.93,0.00,113.58,81.11,22.69,16.18,41.20,24.71
Triveni Turbine,533655,TRITURBINE,INE152M01016,Electrical Equipment,Heavy Electrical Equipment,692.75,60.95,15.23,22022.18,55.84,20.81,-1.57,16.52,1.92,27.14,35.86,0.02,2.21,2181.10,156.14,491.40,1197.88,0.00,0.00,0.00,27.62,27.35,20.73,13.71,38.51,32.96
Volt.Transform.,532757,VOLTAMP,INE540H01012,Electrical Equipment,Heavy Electrical Equipment,9213.00,30.50,5.20,9313.31,30.00,22.82,1.04,31.66,0.28,18.07,24.08,0.00,1.93,2153.69,74.90,407.25,808.72,0.00,-20.00,0.00,15.82,27.26,20.49,23.74,28.25,25.72
Waaree Renewab.,534618,WAAREERTL,INE299N01021,Electrical Equipment,Other Electrical Equipment,977.80,21.31,10.92,10201.34,74.32,1.85,0.15,0.09,-0.05,68.89,83.61,0.16,0.20,3331.42,63.36,652.90,825.26,0.00,-0.19,0.00,105.31,189.54,101.66,,88.61,74.36
