Model allocation (of a notional 100),,,
,,,
Tier,Stock,Weight,Why
Anchor,K.P. Energy,18,"Best asymmetry (low bar, ~2.9x wtd), rising promoter, clean"
Anchor,D.P. Abhushan,16,"Cheapest, ~3.0x wtd, 75% clean promoter, value cushion"
Anchor,Manorama,15,Highest quality / diversifier — but buy on dips
Core,Dynamic Cables,12,"Cleanest grid play, post-drop entry"
Core,Krishana Phoschem,12,Capacity inflection + promoter buying (size for cyclicality)
Satellite,Ceinsys Tech,10,"Digital-infra optionality, FII entering (higher beta)"
Satellite,Skipper or Tips Music,9,Skipper for grid torque; Tips for quality ballast
Reserve,Cash for dips,8,SMID volatility will hand you better entries
