Name,BSE Code,NSE Code,ISIN Code,Industry Group,Industry,Current Price,Price to Earning,Price to book value,Market Capitalization,Promoter holding,FII holding,Change in FII holding,DII holding,Change in DII holding,Return on equity,Return on capital employed,Debt to equity,PEG Ratio,Sales,Price to Free Cash Flow,EBIT,Operating cash flow 5years,Change in promoter holding,Change in promoter holding 3Years,Pledged percentage,EPS growth 3Years,EPS growth 5Years,EPS growth 7Years,EPS growth 10Years,Industry PE
Australian Prem,,APS,INE0P0001010,Electrical Equipment,Heavy Electrical Equipment,343.80,12.26,4.28,693.10,72.62,0.00,0.00,0.46,-0.10,45.36,55.94,0.27,0.08,688.95,-35.02,84.11,20.21,0.10,,0.00,-74.29,-50.03,,,35.69
Auto.Corp.of Goa,505036,,INE451C01013,Auto Components,Auto Components & Equipments,1943.95,16.36,3.84,1183.60,48.98,0.01,0.00,0.00,0.00,25.73,29.67,0.03,0.40,933.65,24.10,97.56,173.92,-0.79,-0.79,0.00,41.41,50.77,18.44,16.23,27.85
BLS Internat.,540073,BLS,INE153T01027,Leisure Services,"Tour, Travel Related Services",269.05,16.12,4.50,11067.55,70.39,6.14,-0.23,2.99,0.07,32.74,29.34,0.17,0.32,2998.22,20.50,820.38,2453.37,0.00,-4.02,0.00,50.09,68.66,37.13,36.30,39.57
Ceinsys Tech,538734,CEINSYS,INE016Q01014,IT - Software,Computers - Software & Consulting,902.90,14.06,2.81,1889.10,50.88,10.25,5.92,0.19,-0.04,24.76,27.46,0.08,0.22,660.70,594.04,163.53,131.59,0.18,-7.74,12.44,47.54,105.00,54.46,30.27,20.98
Crizac,544439,CRIZAC,INE0S4R01014,Retailing,Internet & Catalogue Retail,223.99,17.87,6.70,3916.17,79.94,2.30,-0.18,3.48,0.00,40.28,52.34,0.00,0.70,1042.16,31.91,287.29,,0.00,,0.00,-51.68,-73.88,,,25.42
Diffusion Eng,544264,DIFFNKG,INE184O01015,Industrial Products,Other Industrial Products,323.35,23.75,2.99,1207.94,69.76,0.41,0.27,8.13,1.33,13.14,16.42,0.07,0.72,406.63,-185.29,67.88,74.10,0.06,,0.00,-38.25,-15.00,-8.54,,24.48
EPack PrefabTech,544540,EPACKPEB,INE0MLS01022,Industrial Manufacturing,Industrial Products,191.30,20.78,2.62,1925.34,64.96,10.91,-1.10,3.15,-0.33,17.04,21.71,0.16,0.36,1525.32,-125.37,153.91,300.02,-0.10,,0.00,-46.82,-17.51,,,30.44
Federal-Mogul Go,505744,FMGOETZE,INE529A01010,Auto Components,Auto Components & Equipments,463.00,13.60,1.89,2581.40,74.98,0.38,-0.16,0.49,0.05,14.05,19.60,0.00,0.31,1928.57,21.09,278.30,853.89,0.00,0.00,0.00,44.31,37.99,9.47,15.36,27.85
Ganesh Green,,GGBL,INE0R8C01018,Electrical Equipment,Other Electrical Equipment,364.95,12.04,3.30,905.11,73.42,0.00,-1.41,0.76,0.21,31.76,36.81,0.18,0.11,1064.73,-51.42,103.59,-16.57,0.00,,0.00,-23.56,-12.75,,,28.49
Garuda Cons,544271,GARUDA,INE0JVO01026,Construction,Civil Construction,171.57,12.98,3.51,1590.41,67.56,2.64,0.30,0.48,-0.53,31.18,41.81,0.03,0.29,530.72,-61.83,166.87,-51.42,0.00,,0.00,-26.19,7.03,,,17.61
GE Power,532309,GVPIL,INE878A01011,Electrical Equipment,Heavy Electrical Equipment,768.40,14.79,8.87,5168.58,68.58,1.26,1.11,1.13,0.70,77.73,79.96,0.03,0.36,1269.39,19.15,378.05,960.61,0.00,0.00,0.00,41.05,29.62,17.43,23.13,35.69
GHCL Textiles,543918,GHCLTEXTIL,INE0PA801013,Textiles & Apparels,Other Textile Products,93.95,12.76,0.60,898.03,19.20,13.44,0.08,5.01,-0.86,4.79,6.26,0.09,0.01,1318.60,-43.49,98.21,224.60,0.04,,0.00,,,,,23.83
GOCL Corpn.,506480,GOCLCORP,INE077F01035,Chemicals & Petrochemicals,Explosives,346.45,6.97,0.61,1719.80,67.82,5.08,-0.04,1.26,0.01,7.45,7.02,0.06,0.29,10.41,12.64,364.47,-75.45,0.00,-6.01,0.00,24.27,17.57,19.88,12.62,30.23
Hubtown,532799,HUBTOWN,INE703H01016,Realty,"Residential, Commercial Projects",208.60,19.97,1.13,2964.93,32.84,1.40,-0.35,0.21,-0.01,5.90,9.52,0.46,0.41,643.51,-8.25,339.01,-980.81,-2.19,-12.55,16.07,20.65,24.19,11.74,17.79,27.71
Indosolar,533257,WAAREEINDO,INE866K01023,Electrical Equipment,Heavy Electrical Equipment,398.10,6.72,5.77,1657.93,74.93,0.55,0.02,0.13,0.07,150.63,123.80,0.01,0.03,679.85,61.63,235.55,166.89,0.00,-21.22,0.00,230.81,208.49,58.20,32.78,35.69
InfoBeans Tech.,543644,INFOBEAN,INE344S01016,IT - Software,Computers - Software & Consulting,155.39,17.30,3.64,1498.80,72.83,0.45,-0.10,0.20,-0.76,23.24,29.16,0.04,0.51,513.57,28.72,113.75,336.42,-1.57,-1.49,0.00,33.99,18.26,24.60,2.65,20.98
Jai Corp,512237,JAICORPLTD,INE070D01027,Industrial Products,Plastic Products - Industrial,116.76,11.82,1.41,2047.42,73.92,0.80,0.09,1.57,0.00,4.10,4.18,0.00,-15.97,529.09,33.89,194.63,244.17,0.00,0.13,0.00,-0.19,15.67,39.19,-0.37,22.76
Jindal Poly Inve,536773,JPOLYINVST,INE147P01019,Finance,Investment Company,1023.00,1.21,0.66,1077.61,74.63,0.19,0.07,0.44,0.00,14.17,12.83,0.01,-0.06,997.09,2.97,1004.95,1797.92,0.00,0.00,0.00,-20.97,38.80,14.29,33.49,29.37
Just Dial,535648,JUSTDIAL,INE599M01018,Retailing,Internet & Catalogue Retail,523.80,8.67,0.87,4458.73,74.15,4.82,-1.14,9.31,0.35,10.58,13.06,0.02,0.07,1213.86,15.68,646.37,1057.42,0.00,-0.81,0.00,122.03,22.38,9.54,19.81,25.42
K.P. Energy,539686,KPEL,INE127T01021,Power,Power Generation,368.50,13.74,4.76,2492.64,45.44,0.66,0.17,1.00,-0.05,43.37,39.22,0.84,0.22,1497.09,-38.08,299.62,371.37,0.56,0.64,0.00,61.01,95.99,37.27,42.52,28.74
Kamdhenu,532741,KAMDHENU,INE390H01020,Industrial Products,Iron & Steel Products,24.89,8.94,1.93,697.65,49.03,1.88,-0.64,0.01,0.00,21.99,28.91,0.00,0.28,753.57,9.70,104.22,331.31,0.00,-9.71,0.00,30.27,17.79,18.48,20.33,22.45
Khazanchi Jewell,543953,,INE0OWC01011,Consumer Durables,"Gems, Jewellery And Watches",642.90,17.79,4.98,1590.97,74.51,0.02,0.02,1.74,-0.02,32.46,34.79,0.35,0.14,2049.22,-35.91,126.39,-114.43,0.00,,0.00,,,,,18.38
KP Green Engg.,544150,,INE0QVH01025,Electrical Equipment,Heavy Electrical Equipment,411.60,15.15,4.50,2058.00,66.61,0.35,0.01,0.13,0.03,34.75,36.69,0.76,0.12,1245.57,-14.13,225.94,151.43,0.00,,0.00,-37.02,14.00,,,35.69
Krystal Integrat,544149,KRYSTAL,INE0QN801017,Commercial Services & Supplies,Diversified Commercial Services,582.95,12.68,1.63,815.88,69.96,1.25,-0.54,3.76,-0.47,13.74,15.86,0.24,0.32,1277.28,-38.67,90.97,88.05,0.00,,0.00,3.92,9.19,,,21.29
Modi's Navnirman,543539,MODIS,INE0L0L01012,Realty,"Residential, Commercial Projects",345.00,23.12,4.31,674.74,63.79,8.82,-2.35,1.16,0.00,23.56,29.57,0.04,0.32,189.31,-37.52,38.05,-77.32,0.00,-6.41,0.00,63.56,,,,27.71
MSTC,542597,MSTCLTD,INE255X01014,Commercial Services & Supplies,Trading & Distributors,430.05,13.32,3.64,3023.65,64.75,3.93,0.13,1.20,-0.02,28.37,29.26,0.17,-32.49,339.72,13.83,261.48,1673.30,0.00,0.00,0.00,-0.41,15.18,3.51,-13.38,26.22
Nazara Technolo.,543280,NAZARA,INE418L01047,Entertainment,Digital Entertainment,290.25,11.12,3.10,10741.38,35.46,13.30,1.32,2.16,-1.46,30.49,27.23,0.06,0.06,1828.98,1819.59,983.55,375.12,0.00,16.41,55.94,162.47,134.68,65.26,-4.27,20.23
Nila Spaces,542231,NILASPACES,INE00S901012,Realty,"Residential, Commercial Projects",12.94,17.85,2.98,509.30,61.90,0.05,0.02,0.00,0.00,18.23,31.32,0.46,0.17,185.02,-31.52,64.87,-28.37,0.00,0.00,0.00,105.92,69.50,38.70,,27.71
NILE,530129,NILE,INE445D01013,Minerals & Mining,Industrial Minerals,1816.20,9.86,1.72,544.65,50.39,0.16,0.00,0.28,0.01,19.03,25.28,0.04,0.28,1040.51,28.54,77.74,177.00,0.00,-0.04,0.00,34.84,32.04,,,19.99
Onward Technolog,517536,ONWARDTEC,INE229A01017,IT - Services,IT Enabled Services,270.12,13.19,2.42,615.76,39.07,9.83,0.44,3.54,0.64,19.54,22.95,0.16,0.22,543.85,13.72,63.09,160.77,-0.02,-6.14,0.00,59.68,35.75,18.08,25.42,26.07
Oriana Power Ltd,,ORIANA,INE0OUT01019,Electrical Equipment,Other Electrical Equipment,1962.15,17.23,6.27,3986.93,57.98,0.32,-0.54,0.32,-0.05,48.35,42.31,0.50,0.09,1408.80,1838.38,343.85,317.36,0.01,,6.39,90.43,29.59,,,28.49
Oswal Agro Mills,500317,OSWALAGRO,INE142A01012,Commercial Services & Supplies,Trading & Distributors,45.89,7.08,0.64,613.52,51.88,0.03,0.03,0.09,-0.01,12.62,16.29,0.00,0.09,117.73,-93.93,103.33,-98.70,0.00,9.97,0.00,80.81,28.35,22.53,21.54,26.22
PC Jeweller,534809,PCJEWELLER,INE785M01021,Consumer Durables,"Gems, Jewellery And Watches",8.92,13.18,0.90,8661.80,38.49,13.28,6.97,4.75,-2.33,12.68,6.55,0.22,0.26,3124.56,-55.27,810.09,-1097.60,1.30,-16.04,0.00,45.55,34.15,-5.56,-1.23,18.38
Radhika Jeweltec,540125,RADHIKAJWE,INE583V01021,Consumer Durables,"Gems, Jewellery And Watches",57.22,9.05,1.70,676.61,57.68,0.14,0.14,0.00,0.00,20.76,25.07,0.15,0.25,639.14,-86.27,102.99,-50.06,0.00,-6.05,0.00,35.93,27.05,40.91,,18.38
S Chand & Compan,540497,SCHAND,INE807K01035,Printing & Publication,Printing & Publication,172.19,7.62,0.58,596.61,46.99,4.47,-0.20,2.04,0.34,7.66,10.20,0.13,0.25,798.75,8.29,116.50,483.31,0.00,-0.15,0.00,30.23,76.00,19.97,-36.96,7.88
Sai Silks,543989,KALAMANDIR,INE438K01021,Retailing,Speciality Retail,102.66,11.18,1.25,1575.83,60.97,0.56,-0.91,8.55,0.34,11.78,13.96,0.29,0.86,1653.67,17.93,220.45,494.68,0.00,,0.00,5.96,33.88,-4.76,,38.14
Saint-Gob. Sekur,515043,,INE068B01017,Auto Components,Auto Components & Equipments,107.63,21.41,4.03,980.62,75.00,0.00,0.00,0.00,0.00,19.96,26.06,0.01,0.89,242.99,36.34,60.00,136.74,0.00,0.00,0.00,24.09,39.40,22.27,21.19,27.85
Saksoft,590051,SAKSOFT,INE667G01023,IT - Software,Computers - Software & Consulting,144.01,13.88,2.45,1900.26,66.71,2.40,0.17,0.00,-0.14,19.58,25.50,0.06,0.74,1007.19,17.41,193.41,492.91,0.03,-0.15,0.00,18.51,24.38,20.60,22.11,20.98
Sambhv Steel,544430,SAMBHV,INE12NJ01018,Industrial Products,Iron & Steel Products,107.42,22.11,3.00,3167.15,56.15,1.52,-0.15,3.09,0.41,18.47,19.07,0.36,0.66,2413.24,-33.63,235.08,585.68,0.00,,0.00,-45.55,-21.65,,,22.45
Sathlokhar Sys.,,SSEGL,INE0RFP01011,Construction,Civil Construction,380.60,14.21,4.58,988.74,62.71,0.28,0.16,1.65,0.12,40.17,53.42,0.18,0.05,506.48,-34.85,74.08,-82.73,0.00,,0.00,59.10,9.13,,,17.61
Sharda Cropchem,538666,SHARDACROP,INE221J01015,Fertilizers & Agrochemicals,Pesticides & Agrochemicals,947.90,12.55,2.73,8548.17,74.82,4.60,0.40,9.70,-0.25,24.16,30.37,0.00,0.46,5267.59,58.53,857.27,2195.99,0.00,0.00,0.00,27.39,24.87,18.51,14.45,24.02
Shriram Properti,543419,SHRIRAMPPS,INE217L01019,Realty,"Residential, Commercial Projects",90.90,15.44,1.06,1556.25,27.89,6.05,2.49,2.49,-0.04,7.16,8.04,0.42,0.99,1267.41,13.56,164.24,489.03,0.00,-0.11,0.00,15.37,26.39,21.81,,27.71
String Metaverse,534535,,INE958L01034,IT - Services,IT Enabled Services,8.77,9.96,3.08,1021.11,78.52,0.00,0.00,0.00,0.00,41.61,41.56,0.02,0.03,1069.11,-41.28,103.82,,-3.27,,0.00,218.13,73.53,91.76,,26.07
Sunshield Chem.,530845,,INE199E01014,Chemicals & Petrochemicals,Specialty Chemicals,861.10,25.59,3.00,757.32,66.53,8.46,0.00,0.01,0.00,17.02,19.89,0.00,0.87,440.91,-192.82,44.58,146.65,0.51,4.17,0.00,29.43,15.87,47.39,42.36,29.36
Syncom Formul.,524470,SYNCOMF,INE312C01025,Pharmaceuticals & Biotechnology,Pharmaceuticals,15.85,19.62,3.61,1490.94,50.57,0.21,-0.05,0.00,0.00,20.20,26.84,0.00,0.35,486.57,97.40,101.59,102.49,0.00,0.00,0.00,56.22,17.04,28.19,19.75,31.18
TGV Sraac,507753,,INE284B01028,Chemicals & Petrochemicals,Commodity Chemicals,106.95,8.67,0.88,1145.32,64.23,0.16,-0.15,0.11,0.09,10.67,12.67,0.27,-0.30,1950.24,-185.75,202.06,1294.33,0.16,1.05,0.00,-28.55,35.59,6.47,15.39,21.01
Transrail Light,544317,TRANSRAILL,INE454P01035,Electrical Equipment,Heavy Electrical Equipment,510.45,15.38,3.31,6853.10,71.12,2.17,1.03,8.14,-0.07,21.55,35.22,0.39,0.22,6962.66,82.66,841.01,576.50,0.00,,0.00,-5.23,-36.67,,,35.69
Vikram Solar,544488,VIKRAMSOLR,INE078V01014,Electrical Equipment,Other Electrical Equipment,200.63,15.31,2.29,7262.89,63.01,2.94,1.12,4.80,0.09,21.52,30.53,0.20,0.07,4802.25,154.94,813.14,1477.03,-0.01,-30.07,6.77,180.73,-4.27,,,28.49
Waaree Renewab.,534618,WAAREERTL,INE299N01021,Electrical Equipment,Other Electrical Equipment,977.80,21.31,10.92,10201.34,74.32,1.85,0.15,0.09,-0.05,68.89,83.61,0.16,0.20,3331.42,63.36,652.90,825.26,0.00,-0.19,0.00,105.31,189.54,101.66,,28.49
Websol Energy,517498,WEBELSOLAR,INE855C01023,Electrical Equipment,Other Electrical Equipment,111.11,15.84,7.65,4816.85,29.72,4.12,-1.28,0.32,0.01,66.94,63.18,0.21,0.10,1049.44,-541.66,376.83,445.49,2.01,2.96,89.39,145.67,86.30,36.93,36.23,28.49
Zaggle Prepaid,543985,ZAGGLE,INE07K301024,IT - Services,IT Enabled Services,217.42,22.04,2.09,2928.15,44.15,4.06,-3.55,7.40,-0.35,10.04,13.49,0.04,0.28,1852.81,-30.34,183.25,-64.76,0.02,,0.55,58.53,-60.85,,,26.07
Zuari Agro Chem.,534742,ZUARI,INE840M01016,Fertilizers & Agrochemicals,Fertilizers,221.15,3.13,0.45,929.42,65.21,2.84,0.13,0.09,0.00,15.06,16.38,0.31,0.09,3199.72,2.82,488.58,1854.07,0.00,-0.07,26.54,33.72,31.03,20.07,18.39,16.30
