Name,BSE Code,NSE Code,ISIN Code,Industry Group,Industry,Current Price,Price to Earning,Price to book value,Market Capitalization,Promoter holding,FII holding,Change in FII holding,DII holding,Change in DII holding,Return on equity,Return on capital employed,Debt to equity,PEG Ratio,Sales,Price to Free Cash Flow,EBIT,Operating cash flow 5years,Change in promoter holding,Change in promoter holding 3Years,Pledged percentage,EPS growth 3Years,EPS growth 5Years,EPS growth 7Years,EPS growth 10Years
B-Right Real,543543,,INE0IZQ01016,Realty,"Residential, Commercial Projects",950.00,27.92,5.56,981.46,73.15,1.40,0.00,0.00,0.00,22.13,21.77,1.06,0.16,167.79,-31.30,65.99,-15.67,0.99,1.23,31.76,178.91,56.19,,
California Soft.,532386,CALSOFT,INE526B01014,IT - Software,Computers - Software & Consulting,20.38,4.48,1.17,47.57,62.26,0.00,0.00,0.00,0.00,32.52,42.02,0.04,0.02,19.66,-20.58,14.33,-11.25,0.00,26.53,0.00,401.94,171.10,18.77,16.99
CFF Fluid,543920,,INE0NJ001013,Aerospace & Defense,Aerospace & Defense,753.90,40.34,5.94,1581.24,68.06,0.01,0.00,0.66,0.14,18.93,23.47,0.07,0.71,208.74,-54.27,53.40,-50.15,0.00,,0.00,38.01,39.78,,
Deep Industries,543288,DEEPINDS,INE0FHS01024,Oil,Oil Equipment & Services,471.85,8.16,1.51,3020.48,63.49,1.81,0.10,1.13,0.03,19.38,16.48,0.10,0.13,890.71,91.67,365.59,871.20,0.00,0.00,0.00,62.74,42.97,-36.24,
Dr Agarwal's Eye,526783,DRAGARWQ,INE934C01018,Healthcare Services,Hospital,4948.10,34.27,6.91,2402.50,72.67,2.20,0.38,2.12,-0.24,25.22,17.36,0.94,1.44,470.87,121.22,105.49,455.69,0.00,0.78,29.26,22.71,118.39,28.32,34.84
Emerald Finance,538882,,INE030Q01015,Finance,Non Banking Financial Company (NBFC),62.71,16.12,2.39,216.60,59.70,1.78,0.04,0.00,0.00,13.76,18.45,0.17,0.30,27.86,-27.13,20.85,-43.63,0.20,-8.10,0.00,44.87,42.54,45.19,55.87
Global Education,,GLOBAL,INE291W01037,Other Consumer Services,Education,101.68,24.19,4.48,517.57,72.73,0.40,-0.05,0.06,0.00,26.67,35.93,0.00,0.74,81.10,27.16,28.80,93.06,0.23,-0.43,0.00,32.74,25.90,21.77,14.08
Gyan Developers,530141,,INE487G01018,Realty,"Residential, Commercial Projects",59.18,13.76,3.80,17.75,64.86,0.00,0.00,0.00,0.00,22.43,32.01,0.00,0.14,3.61,22.01,1.70,2.47,0.00,0.01,0.00,100.00,74.11,31.66,22.13
India Finsec,535667,,INE474O01010,Finance,Non Banking Financial Company (NBFC),192.30,36.50,7.14,561.35,55.99,0.00,0.00,0.00,0.00,15.98,28.63,0.00,0.51,84.61,-9.66,62.59,-296.78,0.04,0.48,71.10,62.54,29.56,32.63,36.16
Indo Thai Sec.,533676,INDOTHAI,INE337M01021,Capital Markets,Stockbroking & Allied,238.90,39.37,4.61,2604.63,56.51,1.22,-0.06,0.49,0.30,28.57,34.58,0.09,0.30,103.81,-63.14,85.84,-51.69,-0.26,-15.67,0.00,174.33,64.08,91.44,34.34
Jindal Drilling,511034,JINDRILL,INE742C01031,Oil,Offshore Support Solution Drilling,629.10,8.53,1.00,1823.00,66.78,0.62,-0.23,0.00,0.00,12.54,15.40,0.05,0.28,996.57,52.31,282.34,1257.91,0.34,-0.10,0.00,30.53,109.79,18.33,5.98
JOJO,531910,,INE312M01016,Entertainment,"Film Production, Distribution & Exhibition",237.80,145.90,11.17,819.95,67.80,0.00,0.00,0.00,0.00,11.62,17.05,0.06,0.20,24.01,-71.53,9.07,-3.25,0.00,63.89,0.00,493.55,87.07,114.53,
Kartik Invest.,501151,,INE524U01019,Finance,Other Financial Services,9709.90,46.46,28.17,236.93,74.82,0.00,0.00,0.00,0.00,80.89,94.69,0.00,0.09,5.87,-565.63,5.97,-1.14,0.00,0.00,0.00,535.79,203.38,108.27,55.93
Knowledge Marine,543273,KMEW,INE0CJD01029,Engineering Services,Dredging,2046.00,78.45,20.86,5004.17,53.63,11.75,0.75,1.71,1.25,25.77,24.67,0.61,2.27,236.13,-255.66,88.74,156.84,0.00,-13.46,0.00,32.24,20.39,,
Kovai Medical,523323,KOVAI,INE177F01017,Healthcare Services,Hospital,5350.50,23.96,4.44,5857.52,56.52,1.21,-0.10,4.47,-0.26,20.33,22.19,0.31,0.86,1585.64,55.12,357.72,1583.57,0.00,0.55,0.00,27.71,25.81,22.19,19.74
Manorama Indust.,541974,MANORAMA,INE00VM01036,Food Products,Other Food Products,1407.60,35.92,12.10,8376.48,54.32,2.89,0.18,3.00,-0.61,40.32,35.45,0.51,0.36,1357.70,-327.06,353.51,73.06,0.00,-2.94,0.00,98.58,71.64,41.07,43.12
Nila Spaces,542231,NILASPACES,INE00S901012,Realty,"Residential, Commercial Projects",12.94,17.85,2.98,509.30,61.90,0.05,0.02,0.00,0.00,18.23,31.32,0.46,0.17,185.02,-31.52,64.87,-28.37,0.00,0.00,0.00,105.92,69.50,38.70,
Oswal Agro Mills,500317,OSWALAGRO,INE142A01012,Commercial Services & Supplies,Trading & Distributors,45.89,7.08,0.64,613.52,51.88,0.03,0.03,0.09,-0.01,12.62,16.29,0.00,0.09,117.73,-93.93,103.33,-98.70,0.00,9.97,0.00,80.81,28.35,22.53,21.54
Paras Defence,543367,PARAS,INE045601023,Aerospace & Defense,Aerospace & Defense,855.75,80.23,9.51,6895.83,53.20,5.06,0.14,1.24,-0.04,12.59,16.90,0.04,2.39,476.57,-287.91,119.42,81.14,0.00,-5.74,0.00,32.08,32.32,-6.18,
Raghav Product.,539837,RPEL,INE912T01018,Industrial Products,Electrodes & Refractories,951.25,79.87,17.86,4377.09,62.91,0.36,0.25,0.00,0.00,25.01,31.22,0.02,2.70,257.07,216.22,70.35,125.37,0.00,-0.01,0.00,29.71,41.61,,
SEAMEC Ltd,526807,SEAMECLTD,INE497B01018,Transport Services,Shipping,1631.70,16.52,3.19,4154.02,72.72,3.73,0.37,4.49,0.41,21.77,20.04,0.27,0.16,952.46,126.06,290.05,917.03,0.00,0.68,0.00,106.32,46.73,17.44,46.85
Sigma Solve,543917,SIGMA,INE0A0S01028,IT - Services,IT Enabled Services,38.39,16.38,5.12,391.10,73.22,0.00,-0.03,0.00,0.00,37.75,48.33,0.03,0.61,95.62,21.89,31.95,92.62,0.00,0.00,0.00,26.93,51.07,,
SPARC,532872,SPARC,INE232I01014,Pharmaceuticals & Biotechnology,Pharmaceuticals,232.99,4.83,5.67,7554.55,65.67,2.04,0.00,0.88,0.10,281.14,165.00,0.42,0.04,1879.17,-20.81,1598.61,-1308.08,0.00,0.00,0.00,108.26,59.57,39.71,34.26
Suraj Estate,544054,SURAJEST,INE843S01025,Realty,"Residential, Commercial Projects",224.47,10.99,1.12,1074.62,69.80,2.23,0.46,1.11,0.08,13.98,17.27,0.57,0.20,593.56,-23.95,197.42,-52.81,0.20,,0.00,37.79,57.35,,
Systango Tech,,SYSTANGO,INE0O7R01011,IT - Software,Computers - Software & Consulting,227.85,10.48,2.47,334.23,72.17,0.47,0.27,1.69,0.19,26.82,32.99,0.00,0.33,90.38,19.40,39.24,63.35,0.04,0.21,0.00,32.23,60.09,,
Tips Music,532375,TIPSMUSIC,INE716B01029,Entertainment,Media & Entertainment,642.85,37.94,31.61,8223.09,64.15,7.48,0.14,4.94,-0.03,92.33,122.19,0.02,0.91,375.51,45.66,292.07,660.60,0.00,-10.85,0.00,41.79,38.54,99.95,55.81
Virtual Galaxy,,VGINFOTECH,INE0VRH01015,IT - Software,Software Products,135.55,7.31,1.54,337.10,65.00,1.12,-0.15,1.54,-0.73,29.58,33.74,0.22,0.04,182.06,-15.96,67.43,134.69,0.00,,0.00,124.57,56.09,,
